id,supplement,category,name,ruby,type,dodge,dodge_int,initiative,initiative_int,armor,armor_int,procure,procure_int,stock,stock_int,exp,exp_int,rec,flavor,effect,price,rec_effect,ref_weapon_id,ref_faq_id,ref_info_id,refed_power_id,update,other_ver_id,rel_power_id,rel_weapon_id,rel_armor_id,rel_vehicle_id,rel_connection_id,rel_general_id,rel_dlois_id,type_order,cost_order
基本1-強化服,基本1,ジェネラルアイテム,強化服,キョウカフク,防具,0,0,0,0,1,1,5,5,1,1,,,,衝撃に強い繊維で作った服。見た目は普通の服と変わらない。,,,,,,,,IA,IA-強化服,,,,,,,,0,1
基本1-レザージャケット,基本1,ジェネラルアイテム,レザージャケット,レサーシャケット,防具,0,0,0,0,2,2,7,7,4,4,,,,革製の頑丈なジャケット。オシャレにも気をつける人が好む。,,,,,,,,IA,IA-レザージャケット,,,,,,,,0,4
基本1-防弾防刃ジャケット,基本1,ジェネラルアイテム,防弾防刃ジャケット,ホウタンホウシンシャケット,防具,0,0,0,0,3,3,10,10,6,6,,,,上着の下に着込むタイプの、特殊なベスト。軽量で効果の高い優秀な防具。,,,,,,,,IA,IA-防弾防刃ジャケット,,,,,,,,0,6
基本1-インターセプトアーマー,基本1,ジェネラルアイテム,インターセプトアーマー,インターセフトアーマー,防具,0,0,−1,0,5,5,11,11,10,10,,,,ジャケット内に金属プレートを埋め込んだ防具。重量はあるが、動きを阻害しない。,,,,,,,,IA,IA-インターセプトアーマー,,,,,,,,0,10
基本1-レベルIIIボディアーマー,基本1,ジェネラルアイテム,レベルIIIボディアーマー,レベルIIIボディアーマー,防具,−2,-2,−1,-2,7,7,15,15,14,14,,,,防弾効果を高めたアーマー。重量が行動を阻害する。,,,,,,,,IA,IA-レベルIIIボディアーマー,,,,,,,,0,14
基本1-鎖帷子,基本1,ジェネラルアイテム,鎖帷子,クサリカタヒラ,防具,−1,-1,−1,-1,8,8,10,10,16,16,,,,鎖を編みこんだ防具。上から何かを着れば、意外に目立たない。,,,,,,,,IA,IA-鎖帷子,,,,,,,,0,16
基本1-甲胄,基本1,ジェネラルアイテム,甲胄,カッチュウ,防具,−3,-3,−3,-3,10,10,13,13,20,20,,,,金属板をつなぎ合わせ、鎖帷子などで補強した鎧。美術品としての需要も高い。,,,,,,,,IA,IA-甲胄,,,,,,,,0,20
基本1-UGN戦闘服,基本1,ジェネラルアイテム,UGN戦闘服,UGNセントウフク,防具,−1,-1,−1,-1,7,7,18,18,30,30,,,,UGN特殊部隊が使用する戦闘用スーツ。,装備している間、〈RC〉判定のダイスに+1個する。,,,,,,,IA,IA-UGN戦闘服,,,,,,,,0,30
基本2-赫き鎧,基本2,クリエイトアイテム:ブラム=ストーカー,赫き鎧,アカキヨロイ,防具,0,0,0,0,[消費したHP+3],,購入不可,,不可,,,,,血液から防具を製作するエフェクト。,使用時に[LV×3]以下の任意のHPを消費する。そのシーンの間、あなたは以下のデータの防具を作成し、装備する。その際、装備していた防具と交換できる。,,,,,,基本2-赫き鎧,EA IA,,,,,,,,,0,999
基本2-アーマークリエイト,基本2,クリエイトアイテム:モルフェウス,アーマークリエイト,アーマークリエイト,防具,0,0,0,0,[LV×2+5],,購入不可,,不可,,,,,物質を変換して、防具を製作するエフェクト。その形状はあなたの思いのままである。,そのシーンの間、以下のデータの防具を作成し、装備する。その際、装備していた防具と交換できる。,,,,,,基本2-アーマークリエイト,EA IA,,,,,,,,,0,999
基本2-黒曜の鎧,基本2,クリエイトアイテム:オルクス,黒曜の鎧,コクヨウノヨロイ,防具,−3,-3,−3,-3,[LV×3+8],,購入不可,,不可,,,,,領域内の無機物を身にまとい、防壁とするエフェクト。,そのシーンの間、以下のデータの防具を作成し、装備する。その際、装備していた防具と交換できる。,,,,,,基本2-黒曜の鎧,EA IA,,,,,,,,,0,999
基本2-対低環境スーツ,基本2,ジェネラルアイテム,対低環境スーツ,タイテイカンキョウスーツ,防具,−1,-1,−1,-1,4,4,10,10,9,9,,,,水中や宇宙空間など、人間が生存できない環境に耐えうるために作られたスーツ。気圧維持や酸素補給をはじめとして、さまざまな仕掛けがしてあるが、見た目はスリムである。,装備している間、水中や宇宙空間でもペナルティを受けない。,,,,,,,IA,IA-対低環境スーツ,,,,,,,,0,9
基本2-対BCスーツ,基本2,ジェネラルアイテム,対BCスーツ,タイBCスーツ,防具,−4,-4,−4,-4,7,7,9,9,12,12,,,,対BC兵器用の防護服。ガスマスク、酸素ボンベなどが備わっており、重量がかさんで動きづらくなっている。ただしその分密閉度は高く、性能は折り紙付き。,装備している間、バッドステータスの邪毒を受けない。,,,,,,,IA,IA-対BCスーツ,,,,,,,,0,12
基本2-勝負服,基本2,ジェネラルアイテム,勝負服,ショウフフク,防具,0,0,0,0,1,1,20,20,14,14,,,,個人のこだわりを最大限に反映した服。ヨーロッパ製のフルオーダースーツから暴走族の特攻服まで、とにかく着用者の魂、心意気、そういったものが込められている。外見は自由に設定すること。,装備している間、〈意志〉判定のダイスを+1個する。,,,,,,,IA,IA-勝負服,,,,,,,,0,14
基本2-すごい服,基本2,ジェネラルアイテム,すごい服,スコイフク,防具,0,0,0,0,1,1,10,10,16,16,,,,だれもが「すごい」と言ってしまうような奇抜な服。この服を着ていれば、たちまち注目の的になるだろう。,装備している間、〈交渉〉判定の達成値に+2する。,,,,,,,IA,IA-すごい服,,,,,,,,0,16
基本2-スニーキングスーツ,基本2,ジェネラルアイテム,スニーキングスーツ,スニーキンクスーツ,防具,0,0,0,0,2,2,10,10,16,16,,,,迷彩と消音機能によって、隠密効果を上げるスーツ。,装備している間、隠密状態で行なう判定のダイスを+1個する。,,,,,,,IA,IA-スニーキングスーツ,,,,,,,,0,16
基本2-UGNボディアーマー,基本2,ジェネラルアイテム,UGNボディアーマー,UGNボディアーマー,防具,0,0,0,0,8,8,12,12,18,18,,,,戦闘任務の多いエージェント用に開発されたスーツ。衝撃吸収用の布地を幾重にも重ね、ダメージを軽減する。,,,,,,,,IA,IA-UGNボディアーマー,,,,,,,,0,18
基本2-シューターズジャケット,基本2,ジェネラルアイテム,シューターズジャケット,シュータースシャケット,防具,−1,-1,−2,-1,3,3,13,13,20,20,,,,腕や肩を固定しやすい、射撃用のジャケット。見た目は肩パッドがついた革ジャケットのように見える。,装備している間、〈射撃〉判定のダイスに+1個する。,,,,,,,IA,IA-シューターズジャケット,,,,,,,,0,20
基本2-戦闘用きぐるみ,基本2,ジェネラルアイテム,戦闘用きぐるみ,セントウヨウキクルミ,防具,−1,-1,−1,-1,12,12,14,14,24,24,,,,きぐるみを戦闘用にカスタマイズした防具。製作者の意図は不明であるが、戦闘用に相応しく、動きを補助するような機能が付加されているので、運動性は高い。,,,,,,,,IA,IA-戦闘用きぐるみ,,,,,,,,0,24
基本2-アームドスーツ,基本2,ジェネラルアイテム,アームドスーツ,アームトスーツ,防具,−3,-3,−2,-3,10,10,15,15,25,25,,,,人工筋肉が組み込まれたスーツアーマー。肉体の動きを補助し、通常以上の能力を発揮できるよう作られている。,装備している間、白兵攻撃の攻撃力を+3する。,,,,,,,IA,IA-アームドスーツ,,,,,,,,0,25
基本2-アンチレネゲイドスーツ,基本2,ジェネラルアイテム,アンチレネゲイドスーツ,アンチレネケイトスーツ,防具,0,0,−1,0,7,7,17,17,29,29,,,,対オーヴァード用に使用される戦闘服。レネゲイドの力に反応して、若干だがそれを弱める電磁波を放出する機構がついている。,装備している間、エフェクトに対するリアクションの判定のダイスを+1個する。,,,,,,,IA,IA-アンチレネゲイドスーツ,,,,,,,,0,29
基本2-アルティメイド服,基本2,ジェネラルアイテム,アルティメイド服,アルティメイトフク,防具,0,0,−3,0,10,10,20,20,33,33,,,,某所での秘密作戦によって得られたデータから開発された最新型のUGN強化スーツ。なぜかメイド服ないし執事服のデザイン。,装備している間、〈RC〉判定の達成値に+3する。,,,,,,,IA,IA-アルティメイド服,,,,,,,,0,33
基本2-パワーアシストアーマー,基本2,ジェネラルアイテム,パワーアシストアーマー,ハワーアシストアーマー,防具,−10,-10,−5,-10,25,25,60,60,37,37,,,,硬化テクタイト製の強化服。まるで機械そのものを着ているような感覚となる。ただし動力の問題で長時間稼動できない。,装備している間、【肉体】による判定のダイスを+2個、白兵攻撃の攻撃力を+5する。この防具を装備した場合、シーンの終了時に装備が解除され、シナリオ終了時まで使用できなくなる。,,,,,,,IA,IA-パワーアシストアーマー,,NC-三連パイルバンカー,,,,NC-アキュート NC-ダッシュローラー,,0,37
基本2-ハードコート,基本2,ジェネラルアイテム,ハードコート,ハートコート,防具(補助),0,0,−2,0,2,2,9,9,8,8,,,,特殊繊維を使用した、防弾・防刃用のロングコート。防御力は大したことはないが、他の防具の上から羽織ることができる。,,,,,,,,IA,IA-ハードコート,,,,,,,,1,8
基本2-リアクティブアーマー,基本2,ジェネラルアイテム,リアクティブアーマー,リアクティフアーマー,防具(補助),0,0,−2,0,0,0,24,24,11,11,,,,衝撃に反応して爆発し、ダメージを減らす防具。装甲自体は無いが、いざという時の切り札として使用する。,HPダメージが適用される直前に使用する。この防具を装備しているキャラクターが受ける(予定の)HPダメージを2D点軽減する。この効果は1シナリオに1回まで使用できる。,,,,,,,IA,IA-リアクティブアーマー,,,,,,,,1,11
基本2-リアクティブコート,基本2,ジェネラルアイテム,リアクティブコート,リアクティフコート,防具(補助),0,0,−2,0,6,6,36,36,24,24,,,,衝撃に反応して硬化する特殊繊維のコート。一時的に高い効果を得られるが、壊れてしまうのが欠点。,HPダメージが適用される直前に使用する。この防具を装備しているキャラクターが受ける(予定の)HPダメージを3D点軽減する。この効果を使用すると、HPダメージの適用後にこの防具は破壊される。,,,,,,,IA,IA-リアクティブコート,,,,,,,,1,24
上級-ブーストアーマー,上級,秘密兵器専用アイテム,ブーストアーマー,フーストアーマー,防具,0,0,−2,0,15,15,購入不可,,不可,,,,,装着者のレネゲイドを刺激し、能力を上昇させるボディアーマー。,この防具を装備しているキャラクターが行なう【肉体】【感覚】【精神】判定のダイスを+2個する。ただし、この防具を装備しているキャラクターがメジャーアクションを行なった場合、そのメインプロセスの終了時に、侵蝕率を+2する。,,,,,,,LM IA,LM-ブーストアーマー IA-ブーストアーマー,,,,,,,上級-秘密兵器,0,999
上級-リビングコート,上級,秘密兵器専用アイテム,リビングコート,リヒンクコート,防具(補助),0,0,0,0,7,7,購入不可,,不可,,,,,EXレネゲイドに感染したコート。,HPダメージが適用される直前に使用する。この防具を装備しているキャラクターが受ける(予定の)HPダメージを4D軽減する。ただし、この効果を使用すると、HPダメージの適用後に、この防具は破壊される。,,,,,,,LM IA,LM-リビングコート IA-リビングコート,,,,,,,上級-秘密兵器,1,999
上級-貴人の礼装,上級,ユニークアイテム:ブラム=ストーカー,貴人の礼装,キシンノレイソウ,防具,−1,-1,−1,-1,10,10,,,,,30,30,,EXレネゲイドに感染した貴族の衣服。あなたの血液を染み込ませることで、あなたの心身の機能を一時的に向上させる。,あなたが行なう判定の直前に使用し、その判定の達成値を+5する。この効果を使用するたびに、あなたはHP5点を失う。この効果は1シナリオに3回まで使用でき、一度に使うことで効果が重複する。,,,,,,,IA,IA-貴人の礼装,,,,,,,,0,30
上級-完全熱光学迷彩服,上級,ユニークアイテム:サラマンダー,完全熱光学迷彩服,カンセンネツコウカクメイサイフク,防具,−2,-2,−1,-2,7,7,,,,,30,30,,現在開発中の、熱光学迷彩服の最新バージョン。優れた隠密能力を達成したが、熱交換を遮断しているため放熱ができず、サラマンダーシンドロームの持ち主だけが着用できる。,マイナーアクションで宣言することで隠密状態となる。敵とエンゲージしていても、この効果で隠密状態になれる。加えて、発見に対する〈知覚〉対決の判定のダイスを+4個する。,,,,,,,IA,IA-完全熱光学迷彩服,,,,,,,,0,30
PE-FHベストアーマー,PE,FHアイテム,FHベストアーマー,FHベストアーマー,防具,0,0,−1,0,5,5,購入不可,,8,8,,,,FHの戦闘部隊が主に使用する防具。衝撃に強い構造となっている。,この防具を装備しているキャラクターが硬直を受けた直後に使用する。その硬直を打ち消す。この効果は1シナリオに1回まで使用できる。,,,,,,,IA,IA-FHベストアーマー,,,,,,UG-ユニフォームド,,0,8
PE-FH戦闘服,PE,FHアイテム,FH戦闘服,FHセントウフク,防具,0,0,−2,0,10,10,購入不可,,20,20,,,,FHがオーヴァードのエージェント用に開発した戦闘服。,この防具を装備しているキャラクターが行なう、エフェクトを組み合わせた判定のダイスを+1個する。,,,,,,,IA,IA-FH戦闘服,,,,,,,,0,20
PE-FHバトルアーマー,PE,FHアイテム,FHバトルアーマー,FHバトルアーマー,防具,−5,-5,−5,-5,15,15,購入不可,,40,40,,,,FHが開発した、対オーヴァード用パワードスーツ。オーヴァードも着ることが可能だ。,あなたがエフェクトを組み合わせた攻撃を受けた場合、その攻撃のHPダメージを−5する。,,,,,,,IA,IA-FHバトルアーマー,,,,,,,,0,40
PE-FHバトルコート,PE,FHアイテム,FHバトルコート,FHバトルコート,防具(補助),0,0,−3,0,5,5,購入不可,,15,15,,,,FHが防具を補強するために開発したコート。エフェクトに対して特殊な防御効果を有している。,エフェクトを組み合わせた攻撃に対するリアクションの直前に使用する。あなたが受ける(予定の)その攻撃のHPダメージを−5する。この効果は1シーンに1回まで使用できる。,,,,,,,IA,IA-FHバトルコート,,,,,,,,1,15
PE-グローイングアーマー,PE,FHアイテム,グローイングアーマー,クローインクアーマー,防具,0,0,−2,0,20,20,購入不可,,80,80,,,,FHが開発した、進化するパワードアーマー。高度なAIが搭載されており、着用者の力を発揮させるためにアーマーの構造を最適化するようになっている。,アイテム取得時に、あなたの能力値からひとつを選択する。判定の直前に使用することで、その判定の達成値を+[選択した能力値]する。この効果は1シナリオに3回まで使用できる。,,,,,,,IA,IA-グローイングアーマー,,,,,,,,0,80
IC-咎人の戒め,IC,ユニークアイテム,咎人の戒め,トカヒトノイマシメ,防具,−2,-2,−2,-2,5,5,,,,,40,40,,EXレネゲイドが感染した拘束衣。着用した数多の犯罪者の怨念が染み込んでおり、戒めを解くことができた者に力を与える。,あなたが行なう攻撃の直前に使用する。その攻撃のダメージロールを+3D10する。この効果を使用すると、このアイテムは破壊される。,,,,,,,IA,IA-咎人の戒め,,,,,,,,0,40
IC-アダプトアーマー,IC,ユニークアイテム:キュマイラ,アダプトアーマー,アタフトアーマー,防具,−1,-1,−1,-1,5,5,,,,,25,25,,キュマイラの能力によって肉体が変化しても、それに合わせた形に自動的に適応するスーツ。人ならざる身への変化に、柔軟に対応するための代償として、防具としての性能はそれほど高くない。,この防具は《完全獣化》の効果中でも装備できる。この防具を装備している間、あなたの行なう白兵攻撃の攻撃力に+3する。,,,,,,,IA,IA-アダプトアーマー,基本1-完全獣化,,,,,,,0,25
IC-サウンドアーマー,IC,ユニークアイテム:ハヌマーン,サウンドアーマー,サウントアーマー,防具,0,0,−5,0,3,3,,,,,15,15,,各所に強力な小型スピーカーを組み込んだ特殊防護服。音の波を操作できるハヌマーンが着用すれば、音圧によって敵の攻撃を逸らすことすら可能。スピーカーによって動きにくいのが欠点。,装備している間、あなたが行なうリアクションの達成値を+5する。,,,,,,,IA,IA-サウンドアーマー,,,,,,,,0,15
IC-ミスリーダー,IC,ユニークアイテム:ソラリス,ミスリーダー,ミスリーター,防具,0,0,0,0,1,1,,,,,50,50,,相手に対する印象を操作できるようデザインされた衣服。ソラリスが着ることで、相手の認識を自在に誘導できる。,装備している間、あなたの行なう【感覚】か【社会】の判定に対するリアクションの判定のクリティカル値を+1する。,,,,,,,IA,IA-ミスリーダー,,,,,,,,0,50
IC-宵闇の外套,IC,ユニークアイテム:ウロボロス,宵闇の外套,ヨイヤミノカイトウ,防具,0,0,−1,0,8,8,,,,,30,30,,影そのものを空間に固着化させたといわれている漆黒のマント。その色は闇よりも暗く、ベルベットのような不思議な手触りを持つが、衝撃に対しては鋼のごとき強度となる。,あなたがガードを行なう直前に使用する。そのガードの間、あなたのガード値を+5する。ただし、この効果を使用した場合、あなたの侵蝕率を+2する。,,,,,,,IA,IA-宵闇の外套,,,,,,,,0,30
IC-研究服,IC,ジェネラルアイテム,研究服,ケンキュウフク,防具,0,0,0,0,1,1,13,13,8,8,,,,研究を行なう際に必要な様々な道具が準備されている服。道具だけでなく、その研究に合った服装をすることによって、着用者の気持ちも引き締まる効果がある。,取得時に〈知識:〉からひとつを選択する。装備している間、選択した〈知識:〉判定のダイスを+1個する。,,,,,,,IA,IA-研究服,,,,,,,,0,8
IC-ステージ衣装,IC,ジェネラルアイテム,ステージ衣装,ステーシイショウ,防具,0,0,0,0,1,1,15,15,8,8,,,,芸術家が自身の芸術性を発揮するに相応しい舞台で着用する服。自らを自己表現で着飾ることによって、その芸術性もいっそう高まる。,取得時に〈芸術:〉からひとつを選択する。装備している間、選択した〈芸術:〉判定のダイスを+1個する。,,,,,,,IA,IA-ステージ衣装,,,,,,,,0,8
IC-ライダーススーツ,IC,ジェネラルアイテム,ライダーススーツ,ライターススーツ,防具,0,0,0,0,2,2,13,13,8,8,,,,全身を包む革製のツナギ。ボディにしっかりとフィットすることで、バイク走行中にも運転の邪魔にならない。,装備している間、〈運転:二輪〉判定のダイスを+1個する。,,,,,,,IA,IA-ライダーススーツ,,,,,,,,0,8
IC-ナノメディカルスーツ,IC,ジェネラルアイテム,ナノメディカルスーツ,ナノメティカルスーツ,防具,0,0,−1,0,1,1,18,18,10,10,,,,着用者の皮膚にぴったりフィットし、受けた傷の再生を促進するスーツ。,装備している間、《リザレクト》を使用して回復する値に+1Dする。これによって回復した分も侵蝕率を増加させること。,,,,,,,IA,IA-ナノメディカルスーツ,基本1-リザレクト,,,,,,,0,10
IC-アヴォイドマント,IC,ジェネラルアイテム,アヴォイドマント,アウォイトマント,防具,0,0,−2,0,1,1,21,21,11,11,,,,広げると全身を覆い隠すほどの大きさのマント。慣れた者が使えば攻撃への目くらましとして回避の助けになる。しかし、その大きさゆえ動きの邪魔にもなってしまう。,装備している間、ドッジのダイスを+1個する。,,,,,,,IA,IA-アヴォイドマント,,,,,,,,0,11
IC-強化ビジネススーツ,IC,ジェネラルアイテム,強化ビジネススーツ,キョウカヒシネススーツ,防具,0,0,0,0,3,3,19,19,14,14,,,,フォーマルな場での危険任務を想定し、防御面が強化されているスーツ。一見して仕立てのよいビジネススーツにしか見えないため、着用を好む者が多い。,装備している間、【社会】による判定の達成値を+2する。,,,,,,,IA,IA-強化ビジネススーツ,,,,,,,,0,14
IC-トラックスーツ,IC,ジェネラルアイテム,トラックスーツ,トラックスーツ,防具,0,0,0,0,1,1,22,22,18,18,,,,有名な映画スターが着用していた服をヒントに、UGNで開発された戦闘着。近接戦において、衣服が行動の妨げにならないように意図されている。,装備している間、〈白兵〉判定のダイスに+1個する。,,,,,,,IA,IA-トラックスーツ,,,,,,,,0,18
IC-ボムスーツ,IC,ジェネラルアイテム,ボムスーツ,ホムスーツ,防具,−7,-7,−4,-7,15,15,30,30,20,20,,,,爆発物処理班などが着用する対爆服。セラミックプレートが組み込まれ、防弾効果も非常に高い。しかし、重量がありすぎるため、着用者には高い筋力が要求される。,この防具は【肉体】6以上のキャラクターしか装備できない。,,,,,,,IA,IA-ボムスーツ,,,,,,,,0,20
IC-展開装甲服,IC,ジェネラルアイテム,展開装甲服,テンカイソウコウフク,防具,−3,-3,−3,-3,7,7,35,35,20,20,,,,広域攻撃に対して、アタッチメントの装甲を展開することによって防御効果を上げる戦闘服。,「対象:範囲」、「対象:範囲(選択)」または「対象:シーン」、「対象:シーン(選択)」による攻撃のダメージを受ける際に使用する。この装備の装甲値を+5する。この効果は1シナリオに3回まで使用できる。,,,,,,,IA,IA-展開装甲服,,,,,,,,0,20
IC-AI補助スーツ,IC,ジェネラルアイテム,AI補助スーツ,AIホジョスーツ,防具,−1,-1,−1,-1,6,6,36,36,22,22,,,,着用者の行動を一時的に補助するためのAIが各所に組み込まれたスーツ。次に行なおうとする行動に最適な動きをスーツ自体がサポートしてくれる。,マイナーアクションを使用することで、そのメインプロセスの間に行なう判定のダイスを+3個する。この効果は1シナリオに1回まで使用できる。,,,,,,,IA,IA-AI補助スーツ,,,,,,,,0,22
IC-世界制服,IC,ジェネラルアイテム,世界制服,セカイセイフク,防具,0,0,−1,0,7,7,35,35,22,22,,,,某所での秘密作戦によって得られたデータから再び開発された最新型のUGN強化スーツ。今度はセーラー服や学ランなどの学生服のデザイン。,装備している間、〈意志〉判定の達成値に+3する。,,,,,,,IA,IA-世界制服,,,,,,,,0,22
IC-プロテクトアーマー,IC,ジェネラルアイテム,プロテクトアーマー,フロテクトアーマー,防具,−3,-3,−2,-3,10,10,40,40,25,25,,,,組み込まれた人工筋肉の力で、保持する武器の防御力を高める効果を持つアーマー。,あなたがガードを行なう際に使用する。このガードの間、あなたのガード値を+3する。この効果は1ラウンドに1回まで使用できる。,,,,,,,IA,IA-プロテクトアーマー,,,,,,,,0,25
IC-レネゲイドサポーター,IC,ジェネラルアイテム,レネゲイドサポーター,レネケイトサホーター,防具,0,0,−1,0,5,5,55,55,32,32,,,,オーヴァード能力を活性化させるためにUGNが開発した戦闘服。着用者のレネゲイドの力を高める効果がある。,装備している間、エフェクトを使用した判定の達成値を+2する。,,,,,,,IA,IA-レネゲイドサポーター,,,,,,,,0,32
IC-ジェットスーツ,IC,ジェネラルアイテム,ジェットスーツ,シェットスーツ,防具,−2,-2,−2,-2,3,3,14,14,8,8,,,,背部に小型のジェット噴射装置がつけられたスーツ。ジェット噴射機を使用することで飛行が可能になるが、燃料が少ないため短時間しか稼動できない。,セットアッププロセスに使用する。そのラウンドの間、あなたは飛行状態になる。この効果は1シーンに1回まで使用できる。,,,,,,,IA,IA-ジェットスーツ,,,,,,,,0,8
IC-ローラーブーツ,IC,ジェネラルアイテム,ローラーブーツ,ローラーフーツ,防具(補助),−1,-1,−1,-1,0,0,11,11,7,7,,,,底面にローラーと、それを回転させる小型のエンジンが搭載されたブーツ。エンジンの推進力によって移動力が増加するが、小回りがききにくい。,セットアッププロセスに使用する。そのシーンの間、あなたの戦闘移動に+5mする。この効果は1シーンに1回まで使用できる。他の防具と同時に装備が可能。,,,,,,,IA,IA-ローラーブーツ,,,,,,,,1,7
IC-多機能ヘルメット,IC,ジェネラルアイテム,多機能ヘルメット,タキノウヘルメット,防具(補助),−1,-1,0,-1,1,1,15,15,9,9,,,,周辺情報をデータ化し、装着者に情報を与えるヘルメット。頭部を防護する役割もあるが、とっさの際の邪魔になる。,装備している間、〈知覚〉判定のダイスを+1個する。他の防具と同時に装備が可能。,,,,,,,IA,IA-多機能ヘルメット,,,,,,,,1,9
IC-覚悟のさらし,IC,ジェネラルアイテム,覚悟のさらし,カクコノサラシ,防具(補助),0,0,0,0,0,0,30,30,20,20,,,,覚悟を決めた者が、自身の心の迷いを捨てるため、しっかりと巻き締めたさらし。心に迷いが生じたとき、このさらしの締めつけが正気を取り戻させてくれる。,着用者がバッドステータス:重圧を受けたときに、オートアクションで使用できる。重圧から回復する。この効果は1シナリオに1回まで使用できる。他の防具と同時に装備が可能,,,,,,,IA,IA-覚悟のさらし,,,,,,,,1,20
IC-アーマースキン,IC,エフェクトアイテム:ブラックドッグ専用アイテム,アーマースキン,アーマースキン,防具(補助),0,0,0,0,4,4,購入不可,,不可,,,,,強化繊維を埋め込むことで防具と化した皮膚。衝撃が効率的に拡散される効果を持つ。外見は通常の皮膚と変わらない。,HPダメージが適用される直前に使用する。この防具を装備しているキャラクターが受ける(予定の)HPダメージを1D点軽減する。この効果は1シーンに1回まで使用できる。,,,,,,,EA IA,EA-アーマースキン IA-アーマースキン,基本2-ハードワイヤード,,,,,,,1,999
IC-従者の甲冑,IC,エフェクトアイテム:従者専用アイテム,従者の甲冑,シュウシャノカッチュウ,防具,−5,-5,−3,-5,10,10,購入不可,,不可,,,,,従者の身体が、甲冑のように変化したもの。高い防御効果を得るようになるが、同時に動作速度が非常に低下する。,,,,,,,,EA IA,EA-従者の甲冑 IA-従者の甲冑,基本2-愚者の兵装,,,,,,,0,999
UG-アリベイトスーツ,UG,エンブレムアイテム:UGNエージェント,アリベイトスーツ,アリヘイトスーツ,エンブレム/防具,0,0,−1,0,5,5,,,,,5,5,,対オーヴァードの最前線に立つトップエージェントに支給される特殊スーツ。,エフェクトを組み合わせた攻撃によって、あなたへのHPダメージが算出された直後に使用する。あなたが受ける(予定の)ダメージを−5する。この効果は1ラウンドに1回まで使用できる。,,,,,,,IA,IA-アリベイトスーツ,,,,,,,,2,5
UG-マジェスティコート,UG,エンブレムアイテム:UGN支部長,マジェスティコート,マシェスティコート,エンブレム/防具,0,0,0,0,3,3,,,,,15,15,,支部のトップに立つ人間に相応しい威厳あるコート。着用者の気を引き締めるとともに、見る者の士気をあげ動きを機敏にする。,セットアッププロセスで使用する。そのラウンドの間、あなたと同じエンゲージにいる任意のキャラクターすべての【行動値】を+3する。,,,,,,,IA,IA-マジェスティコート,,,,,,,,2,15
UG-スカラーウェア,UG,エンブレムアイテム:UGN本部エージェント,スカラーウェア,スカラーウェア,エンブレム/防具,0,0,0,0,8,8,,,,,15,15,,本部内でレネゲイド研究に携わるエージェントの制服。最新の研究結果が反映され、着用者のレネゲイドを抑制してくれる。,判定の直後に使用する。その判定で上昇する侵蝕率を−2する(最低0)。判定に複数のエフェクトを組み合わせていた場合、侵蝕値を合計した後、この効果を適用すること。この効果は1シーンに1回まで使用できる。,,,,,,,IA,IA-スカラーウェア,,,,,,,,2,15
UG-アブソーブアーマー,UG,エンブレムアイテム:アクシズ,アブソーブアーマー,アフソーフアーマー,エンブレム/防具,0,0,0,0,15,15,,,,,30,30,,UGNにおける最重要人物である評議員の身を守るために開発された防具。衝撃を拡散、吸収する特殊素材が使われている。,HPダメージが適用される直前に使用する。この防具を装備しているキャラクターが受ける(予定の)HPダメージを−3Dする。,,,,,,,IA,IA-アブソーブアーマー,,,,,,,,2,30
UG-UGN戦闘服II,UG,エンブレムアイテム:UGN共通,UGN戦闘服II,UGNセントウフクII,エンブレム/防具,0,0,0,0,15,15,,,,,30,30,,防御能力と、レネゲイドをコントロールする機能を強化したUGN戦闘服。,あなたが行なうエフェクトを組み合わせた判定のダイスを+2個する。,,,,,,,IA,IA-UGN戦闘服II,,,,,,,,2,30
UG-ミラージュコート,UG,エンブレムアイテム:FHエージェント,ミラージュコート,ミラーシュコート,エンブレム/防具,0,0,0,0,6,6,,,,,15,15,,周囲に分身を投影する、映像投射コート。姿を隠すのではなく、機動戦における照準撹乱を目的としている。,このラウンドに戦闘移動、全力移動、もしくはエンゲージからの離脱を行なっていた場合、あなたが行なうドッジの達成値を+5する。,,,,,,,IA,IA-ミラージュコート,,,,,,,,2,15
UG-概念外装,UG,エンブレムアイテム:ゼノス,概念外装,カイネンカイソウ,エンブレム/防具(補助),0,0,0,0,5,5,,,,,15,15,,あなたが概念存在であり、肉体は人間と接触するための道具に過ぎないことを表わすエンブレムアイテム。あなたの本質はみずからを定義する情報だ。肉体は、いくらでも修復できる。,イニシアチブプロセスに使用する。あなたのHPを5D点回復する。この効果は1シナリオに1回まで使用できる。このエンブレムデータはレネゲイドビーイングのみ取得できる。,,,,,,,IA,IA-概念外装,,,,,,,,3,15
UG-ストレンジャーズ特殊戦闘服,UG,エンブレムアイテム:ストレンジャーズ,ストレンジャーズ特殊戦闘服,ストレンシャーストクシュセントウフク,エンブレム/防具,−1,-1,−1,-1,3,3,,,,,5,5,,ストレンジャーズの特殊戦闘服。外見は防衛隊の野戦戦闘服にボディアーマーを着用したものに近いが、レネゲイドの侵蝕を受けにくい特殊素材で編まれている。,エフェクトを使用した攻撃からあなたが受けるHPダメージを5点軽減する。,,,,,,,IA,IA-ストレンジャーズ特殊戦闘服,,,,,,,,2,5
UG-ギルドコート,UG,エンブレムアイテム:ギルド,ギルドコート,キルトコート,エンブレム/防具,0,0,0,0,3,3,,,,,15,15,,ギルドのエージェントが着用するロングコート。旧東独情報部シュタージが特別にデザインしたものを元にしており、着用者が目立たない心理的効果がある。,マイナーアクションで使用する。あなたは隠密状態になる。この効果は1シーンに1回まで使用できる。,,,,,,,IA,IA-ギルドコート,,,,,,,,2,15
EA-赫き鎧,EA,クリエイトアイテム:ブラム=ストーカー,赫き鎧,アカキヨロイ,防具,0,0,0,0,[消費したHP×2],,購入不可,,不可,,,,,血液から防具を製作するエフェクト。,使用時に[LV×3]以下の任意のHPを消費する。そのシーンの間、あなたは以下のデータの防具を作成し、装備する。その際、装備していた防具と交換できる。,,,,,,EA-赫き鎧,IA,,,,,,,,,0,999
EA-アーマークリエイト,EA,クリエイトアイテム:モルフェウス,アーマークリエイト,アーマークリエイト,防具,0,0,0,0,[LV×2+5],,購入不可,,不可,,,,,物質を変換して、防具を製作するエフェクト。その形状はあなたの思いのままである。,そのシーンの間、以下のデータの防具を作成し、装備する。その際、装備していた防具と交換できる。,,,,,,EA-アーマークリエイト,IA,,,,,,,,,0,999
EA-黒曜の鎧,EA,クリエイトアイテム:オルクス,黒曜の鎧,コクヨウノヨロイ,防具,−3,-3,−3,-3,[LV×3+8],,購入不可,,不可,,,,,領域内の無機物を身にまとい、防壁とするエフェクト。,そのシーンの間、以下のデータの防具を作成し、装備する。その際、装備していた防具と交換できる。,,,,,,EA-黒曜の鎧,IA,,,,,,,,,0,999
EA-アーマースキン,EA,エフェクトアイテム:ブラックドッグ専用アイテム,アーマースキン,アーマースキン,防具(補助),0,0,0,0,4,4,購入不可,,不可,,,,,強化繊維を埋め込むことで防具と化した皮膚。衝撃が効率的に拡散される効果を持つ。外見は通常の皮膚と変わらない。,HPダメージが適用される直前に使用する。この防具を装備しているキャラクターが受ける(予定の)HPダメージを1D点軽減する。この効果は1シーンに1回まで使用できる。,,,,,,,IA,IC-アーマースキン IA-アーマースキン,EA-ハードワイヤード,,,,,,,1,999
EA-従者の甲冑,EA,エフェクトアイテム:従者専用アイテム,従者の甲冑,シュウシャノカッチュウ,防具,−5,-5,−3,-5,10,10,購入不可,,不可,,,,,従者の身体が、甲冑のように変化したもの。高い防御効果を得るようになるが、同時に動作速度が非常に低下する。,,,,,,,,IA,IC-従者の甲冑 IA-従者の甲冑,EA-愚者の兵装,,,,,,,0,999
LM-ブーストアーマー,LM,秘密兵器専用アイテム,ブーストアーマー,フーストアーマー,防具,0,0,−2,0,15,15,,,,,20,20,,装着者のレネゲイドを刺激し、能力を上昇させるボディアーマー。,この防具を装備しているキャラクターが行なう【肉体】【感覚】【精神】の判定のダイスを+2個する。ただし、この防具を装備しているキャラクターがメジャーアクションを行なった場合、そのメインプロセスの終了時に、侵蝕率を+2する。,,,,,,,IA,上級-ブーストアーマー IA-ブーストアーマー,,,,,,,LM-秘密兵器,0,20
LM-リビングコート,LM,秘密兵器専用アイテム,リビングコート,リヒンクコート,防具(補助),0,0,0,0,7,7,,,,,20,20,,EXレネゲイドに感染したコート。,HPダメージが適用される直前に使用する。あなたが受ける(予定の)HPダメージを4D軽減する。ただし、この効果を使用すると、HPダメージの適用後に、この防具は破壊される。,,,,,,,IA,上級-リビングコート IA-リビングコート,,,,,,,LM-秘密兵器,1,20
LM-蛇王の外套,LM,遺産継承者専用アイテム,蛇王の外套,シャオウノカイトウ,防具,0,0,0,0,7,7,購入不可,,不可,,,,,古代の王が悪魔と契約して得た外套。契約者の双肩には蛇の痣が浮かび、あらゆる知識を授けるという。,ウロボロスのエフェクトをひとつ選び1レベルで取得する。ただし、「制限:—」以外のエフェクトは取得できない。取得に経験点は必要なく、経験点を使用して成長させることができる。,契約者は次第に良心を失い冷徹になっていく。侵蝕率基本値を+8する。,,,,,,IA,IA-蛇王の外套,,,,,,,LM-遺産継承者 HR-遺産の器,0,999
HR-ナイトフォール戦闘服,HR,リレーションアイテム:強羅瑠璃,ナイトフォール戦闘服,ナイトフォールセントウフク,リレーション/防具,0,0,−1,0,10,10,,,,,30,30,強羅瑠璃,ナイトフォールのために試作された戦闘服。UGN戦闘服を対遺産用に改修したものである。ナイトフォールが蓄積した遺産についての情報を元に開発された。,“遺産”を所持しているキャラクターとの対決であなたがリアクションを行なう場合、その判定のダイスを+2個する。“遺産”とは、“遺産継承者用アイテム”、およびGMが遺産と認めたアイテムである。,,“遺産”を所持しているキャラクターに与えるダメージに+5する。“遺産”とは、“遺産継承者用アイテム”、およびGMが遺産と認めたアイテムである。,,,,,IA,IA-ナイトフォール戦闘服,,,,,,,,4,30
HR-スパイダージャケット,HR,リレーションアイテム:玉野椿,スパイダージャケット,スハイターシャケット,リレーション/防具,−2,-2,−1,-2,6,6,,,,,25,25,玉野椿,新開発の特殊繊維で編まれた防弾防刃ジャケット。玉野椿のエフェクトデータが利用されており、攻防の動作を妨害しないようにできている。また、耐久性が非常に高く盾のように攻撃を狙って妨害するツールとしても利用できる。その性質はまるで生きているかのようで、椿の癖を知っている人間には不思議とより扱いやすくなるようだ。,あなたが行なうガードのガード値に常に+3する。,,あなたが行なうガードのガード値に更に常に+5する(通常効果と合わせて合計+8となる)。,,,,,IA,IA-スパイダージャケット,,,,,,,,4,25
HR-使徒の衣,HR,リレーションアイテム:アルフレッド・J・コードウェル,使徒の衣,アホスルノコロモ,リレーション/防具,−1,-1,−2,-1,9,9,,,,,35,35,アルフレッド・J・コードウェル,コードウェル博士の私兵集団である“使徒”の中でも選ばれた存在にだけ与えられるという白の上衣。勧誘の証でもあるため、“使徒”でなくても与えられた者はいる。着用者の思いを高め、強固な意志、欲望へと変える力を持つ。欲望とはすなわち、博士の探す何かを見つける力なのだ。,あなたが行なう〈意志〉、〈RC〉判定の達成値に常に+2する。,,あなたが行なう〈意志〉、〈RC〉判定の達成値にさらに+3する(通常効果と合わせて合計+5となる)。,,,,,IA,IA-使徒の衣,,,,,,,,4,35
HR-イプシロンジャケット,HR,リレーションアイテム:ヨハン・C・コードウェル,イプシロンジャケット,イフシロンシャケット,リレーション/防具,−1,-1,−1,-1,5,5,,,,,15,15,ヨハン・C・コードウェル,ヨハンが普段愛用している白のジャケット。彼が気に入った相手に贈ることがあるという。ヨハンが操る炎にも耐える特殊素材で作られている。オーダーメイドで作られたもので、手入れも行き届いていて着用者の愛着が伝わってくる。身につけると彼の燃えるような闘志が伝わってくる。,あなたが受ける(予定の)HPダメージを常に3点軽減する。,,マイナーアクションで使用する。あなたが受けているダイスを減らす効果をすべて打ち消す。この効果は1シナリオに1回まで使用できる。,,,,,IA,IA-イプシロンジャケット,,,,,,,,4,15
HR-鷺乃宮家特殊メイド服,HR,リレーションアイテム:鷺乃宮キョウ,鷺乃宮家特殊メイド服,サキノミヤケトクシュメイトフク,リレーション/防具,0,0,−1,0,7,7,,,,,20,20,鷺乃宮キョウ,鷺乃宮家の一部のメイドに渡される、特殊なメイド服。男性用に執事服も存在する。鷺乃宮家に仕える者の中でも、警護を担当するもののためのものである。もしあなたの前で誰かが傷つけば、それは鷺乃宮家の名に泥を塗ることにもなるだろう。,あなたがカバーリングを行なった場合、この防具の装甲値を「20」に変更してダメージを算出する。,,あなたがカバーリングを行なった場合、その攻撃によってあなたはバッドステータスを受けない。,,,,,IA,IA-鷺乃宮家特殊メイド服,,,,,,,,4,20
HR-マルチサポートスーツ,HR,ユニークアイテム,マルチサポートスーツ,マルチサホートスーツ,防具,−1,-1,−2,-1,4,4,,,,,15,15,,UGNが開発したミッションサポート用の特殊スーツ。着用者の希望に応じて、さまざまな補助機能が付けられる。,取得時に能力値をひとつ選択すること。装備している間、選択した能力値を使用した判定のダイスに+2個する。この効果は、戦闘中は適用されない。,,,,,,,IA,IA-マルチサポートスーツ,,,,,,,,0,15
HR-EXパスファインダー,HR,秘密兵器専用アイテム,EXパスファインダー,EXパスファインダー,防具,0,0,0,0,12,12,,,,,20,20,,EXレネゲイドに感染したボディアーマー。着用者の反応速度を一時的に加速することができる。,セットアッププロセスに使用する。そのラウンドの間、あなたの【行動値】に+7する。この効果は1シーンに1回まで使用できる。ただし、この効果を使用した後、あなたの侵蝕率は3点増加する。,,,,,,,IA,IA-EXパスファインダー,,,,,,,LM-秘密兵器,0,20
HR-白猿の額冠,HR,遺産継承者専用アイテム,白猿の額冠,ハクエンノカクカン,防具(補助),0,0,3,0,5,5,購入不可,,不可,,,,,猿人の姿で描かれるオーヴァードが残したサークレット。,ハヌマーンのエフェクトをひとつ選び、1レベルで取得する。ただし「制限:—」以外のエフェクトは取得できない。取得に経験点は必要なく、経験点を使用して成長させることができる。,契約者は理性的なふるまいを要求される。あなたはバッドステータスの暴走を受けるたび、5D点のHPを失う。,,,,,,IA,IA-白猿の額冠,,,,,,,LM-遺産継承者 HR-遺産の器,1,999
HR-FHインターセプター,HR,FHアイテム,FHインターセプター,FHインターセプター,防具,0,0,0,0,8,8,購入不可,,15,15,,,,襲撃に適した特殊戦闘服。レーダー機器を内蔵し、セットのバイザーにリアルタイムで周辺状況を報告する。,この防具を装備している間、あなたが行なうドッジの判定の達成値と【行動値】を+[あなたが取得している“精神強化手術”の数](最大3)する。,,,,,,,IA,IA-FHインターセプター,,,,,,HR-精神強化手術,,0,15
HR-タルタロス,HR,FHアイテム,タルタロス,タルタロス,防具,−1,-1,−2,-1,15,15,購入不可,,40,40,,,,極秘開発されたパワーアシストスーツ。オーヴァードのものと思われる生体部品を使用しており、特殊な訓練を受けた人間でなければ動かせない。,この防具を装備しているキャラクターは「搭乗状態の間のみ使用できる」アイテムを、搭乗状態であるかのように使用できる。この防具は“精神強化手術”をふたつ以上取得しているキャラクターのみ、使用することができる。,,,,,,,IA,IA-タルタロス,,,,,,HR-精神強化手術,,0,40
RW-アーマメントベルト,RW,秘密兵器専用アイテム,アーマメントベルト,アーマメントヘルト,防具,0,0,0,0,12,12,,,,,20,20,,普段はベルトの形状に格納されたバトルスーツ。鍵となるアイテムや音声認識などで本来の姿に展開される。,この防具はセットアッププロセスに使用することで、そのシーンの間、その効果を受けることができるようになる。また、この効果を受けている間、あなたの素手を「攻撃力:+8」に変更する。,,,,,,,IA,IA-アーマメントベルト,,基本1-素手,,,,,LM-秘密兵器,0,20
RW-メタルスーツ,RW,秘密兵器専用アイテム,メタルスーツ,メタルスーツ,防具,−3,-3,−4,-3,16,16,,,,,20,20,,さまざまな兵器を搭載したパワードスーツ。,この防具を装備している間、あなたは以下のデータの射撃武器を3つ装備しているものとして扱う。それぞれの武器はシナリオに1回まで使用できる。,,,RW-メタルスーツ,,,,IA,IA-メタルスーツ,,,,,,,LM-秘密兵器,0,20
RW-祈りの造花,RW,遺産継承者専用アイテム,祈りの造花,イノリノソウカ,防具,0,0,0,0,8,8,購入不可,,不可,,,,,数多の少女の祈りを力に変えてきた石のバラ。祈りとともに戦闘用の衣装と武具に姿を変える。,あなたは《インフィニティウェポン》か《ハンドレッドガンズ》を5レベルで取得する。取得に経験点は必要ない。,契約者は絶望に立ち向かい戦い続けることを誓約させられる。あなたはバックトラックでジャーム化する代わりに死亡し、この遺産の一部となる。,,,,,,IA,IA-祈りの造花,EA-インフィニティウェポン EA-ハンドレッドガンズ,,,,,,LM-遺産継承者 HR-遺産の器,0,999
NC-強化プロテクター,NC,ジェネラルアイテム,強化プロテクター,キョウカフロテクター,防具,0,0,−1,0,5,5,10,10,5,5,,,,急所を保護するセラミック製のプロテクター。パーツごとの持ち運びも簡単にできるため、探偵などの調査業務につく者や非常時用の装備として利用されることが多い。,,,,,,,,IA,IA-強化プロテクター,,,,,,,,0,5
NC-第二世代型PAアーマー,NC,ジェネラルアイテム,第二世代型PAアーマー,タイニセタイカタPAアーマー,防具,−3,-3,−3,-3,12,12,20,20,15,15,,,,重装甲だったがあまりにも鈍重すぎた第一世代型のパワーアシストアーマーの装甲を軽量化し、作戦稼働時間を延長した第二世代モデル。,この防具を装備している間、「搭乗状態のキャラクターしか装備できない」と解説に書かれた武器も装備することができる。,,,,,,,IA,IA-第二世代型PAアーマー,,NC-三連パイルバンカー,,,,NC-アキュート NC-ダッシュローラー,,0,15
NC-“黒雷”PAアーマー,NC,ジェネラルアイテム,“黒雷”PAアーマー,クロミカツチPAアーマー,防具,0,0,−2,0,15,15,購入不可,,30,30,,,,極限まで小型化されたパワーアシストアーマー。特調配下の特殊部隊“黒雷”にのみ配備されており、威圧的な外見で知られている。UGNの技術レベルも超えたテクノロジーが用いられているが、その出所は不明。,この防具を装備している間、「搭乗状態のキャラクターしか装備できない」と解説に書かれた武器も装備することができる。,,,,,,,IA,IA-“黒雷”PAアーマー,,NC-三連パイルバンカー,,,,NC-アキュート NC-ダッシュローラー,,0,30
NC-RMAアーマー,NC,ユニークアイテム,RMAアーマー,RMAアーマー,防具,−3,-3,3,-3,15,15,,,,,10,10,,ネットワークを通じて着用者それぞれの情報をリアルタイムデータリンクする最新型の戦闘服。衛星からの情報を受け取って武器や照準装置に反映させることも可能。防衛隊と米軍に試験採用されている。,,,,,,,,IA,IA-RMAアーマー,,,,,,,,0,10
NC-エアロスーツ,NC,ユニークアイテム,エアロスーツ,エアロスーツ,防具,−2,-2,−2,-2,6,6,,,,,20,20,,操縦時の空気抵抗やGを極限まで軽減するよう設計されたプロテクタージャケット。車両での偵察任務を行なうオーヴァードのために開発された。,この防具を装備し、さらに搭乗状態の間、あなたの受ける判定のダイスを減らす効果をダイス4個分まで無視することができる。ただし、あなたが使用したエフェクトやアイテムによる効果には適用されない。,,,,,,,IA,IA-エアロスーツ,,,,,,,,0,20
NC-プロトアームドスーツ,NC,ユニークアイテム,プロトアームドスーツ,フロトアームトスーツ,防具,−3,-3,−2,-3,15,15,,,,,20,20,,UGNで広く用いられているアームドスーツのプロトタイプ。マリアナ海溝の底から発掘された未知の精神感応金属を用いており、量産型とは比較にならない防御力を持つ。,装備している間、【肉体】判定と〈白兵〉判定の達成値をそれぞれ+2する。,,,,,,,IA,IA-プロトアームドスーツ,,,,,,,,0,20
NC-重装PAアーマー,NC,ユニークアイテム,重装PAアーマー,ジュウソウPAアーマー,防具,−7,-7,−5,-7,25,25,,,,,25,25,,第二世代型パワーアシストアーマーに第一世代型と同等の装甲を付与した突撃タイプ。背部に武器保持用のサブアームを4本持つ。,装備している間、白兵攻撃の攻撃力を+5する。この防具を装備している間、「搭乗状態のキャラクターしか装備できない」と解説に書かれた武器も装備することができる。,,,,,,,IA,IA-重装PAアーマー,,NC-三連パイルバンカー,,,,NC-アキュート NC-ダッシュローラー,,0,25
NC-アクトドレス,NC,ユニークアイテム,アクトドレス,アクトトレス,防具,0,0,5,0,9,9,,,,,30,30,,反応速度の向上に重点を置いたアームドスーツの発展型。特殊繊維によって高い耐弾・耐刃性能を有しており、新世代のUGN戦闘服として期待が寄せられている。現在は一部特殊部隊でのみ試験運用中。,取得には“コネ:UGN幹部”か、UGN本部エージェント・アクシズのエンブレムデータのいずれかが必要。,,,,,,,IA,IA-アクトドレス,,,,,,,,0,30
NC-シークレットオーダー,NC,ユニークアイテム,シークレットオーダー,シークレットオーター,防具,0,0,0,0,12,12,,,,,35,35,,神城グループが傘下のエージェントのために開発した高級スーツ。同様のものは各組織でも使われている。外見は非の打ち所がないフォーマルなものだが、精神感応金属の細糸が縫い込まれており、着用者の意思に反応して耐弾性が高まる。,装備している間、あなたが受けるダメージを[あなたの【精神】]点軽減する。,,,,,,,IA,IA-シークレットオーダー,,,,,,,,0,35
NC-ダークテスタメント,NC,ユニークアイテム,ダークテスタメント,タークテスタメント,防具,−1,-1,−2,-1,8,8,,,,,55,55,,衝動を増幅させるという謎の黒コート。研ぎ澄まされた衝動は目的を達成する強い意志の源となる。,この防具を装備して、あなたがバッドステータスの暴走を受けている間、あなたが行なう判定のダイスを+4個、与えるダメージを+5する。また、この防具を装備している間、あなたはバッドステータスの暴走を受けていてもドッジが行なえる。,,,,,,,IA,IA-ダークテスタメント,,,,,,,,0,55
NC-スマートヘルメット,NC,ユニークアイテム,スマートヘルメット,スマートヘルメット,防具(補助),−1,-1,0,-1,3,3,,,,,10,10,,AIによるナビゲーション機能のついた高性能ヘルメット。車載コンピュータと連動させることによって簡易的な操縦アシストを行なうこともできる。耐弾性も高い。,この防具を装備している間、あなたが行なう〈運転:〉判定と道路の交通状態を調べるための判定のダイスを+2個する。,,,,,,,IA,IA-スマートヘルメット,,,,,,,,1,10
NC-ドッジブーツ,NC,ユニークアイテム,ドッジブーツ,トッシフーツ,防具(補助),0,0,−2,0,2,2,,,,,10,10,,超小型ロケットモーターを内蔵した強化ブーツ。短時間の飛翔を行なうことで、緊急時に立体的な回避を行なうことができる。極めて扱いが難しく、燃焼時間もごく短いため、普及はしていない。,装備している間、あなたの〈回避〉判定の直前に使用する。その判定のダイスに+4個する。この効果は1ラウンドに1回まで使用できる。,,,,,,,IA,IA-ドッジブーツ,,,,,,,,1,10
NC-サードアイヘルム,NC,ユニークアイテム,サードアイヘルム,サートアイヘルム,防具(補助),−1,-1,−3,-1,4,4,,,,,15,15,,額の部分に“第3の瞳”があしらわれた黄金製のヘルメット。原理は不明だが、着用者がレネゲイドウィルスをコントロールする力を増してくれる。,装備している間、〈RC〉判定と〈意志〉判定の達成値にそれぞれ+1する。,,,,,,,IA,IA-サードアイヘルム,,,,,,,,1,15
NC-スカラグラス,NC,ユニークアイテム,スカラグラス,スカラクラス,防具(補助),0,0,0,0,1,1,,,,,15,15,,外見は普通のメガネに見える戦術分析デバイス。最先端のヘッドマウントディスプレイに匹敵する情報量をAR表示する。通信機能も付属。バイザー型やゴーグル型、モノクル型などさまざまなデザインが選べる。,装備している間、マイナーアクションを使用することで直後のメジャーアクションの判定のダイスを+2個する。1シナリオに3回まで使用可能。,,,,,,,IA,IA-スカラグラス,,,,,,,,1,15
NC-ステルスコート,NC,ユニークアイテム,ステルスコート,ステルスコート,防具(補助),0,0,2,0,3,3,,,,,15,15,,特殊素材を用いており、表面に周囲の風景を投影することができる防弾コート。熱放射も抑制するため、赤外線センサーも阻害できる。他の防具の上から羽織ることができる。放熱に難を抱えているため、使用には特別な訓練が必要。,装備している間、〈回避〉の判定の達成値を+2する。,,,,,,,IA,IA-ステルスコート,,,,,,,,1,15
NC-ベルベットクローク,NC,ユニークアイテム:エンジェルハィロゥ,ベルベットクローク,ヘルヘットクローク,防具(補助),−1,-1,0,-1,1,1,,,,,25,25,,艶やかな漆黒のマント。光を吸い寄せる素材で作られており、着用者を闇に溶け込ませる。,この防具を装備している間、あなたが隠密状態で行なう判定のダイスを+3個する。,,,,,,,IA,IA-ベルベットクローク,,,,,,,,1,25
NC-血染めのマント,NC,ユニークアイテム:ブラム=ストーカー,血染めのマント,チソメノマント,防具,−2,-2,−2,-2,5,5,,,,,20,20,,まるで血のように赤く染まったマント。このマントは失われた血液を吸い上げ、着用者に取り戻させる。,装備している間、あなたがブラム=ストーカーのエフェクトによってあなたのHPを回復する時、さらに追加で7点のHPを回復する。,,,,,,,IA,IA-血染めのマント,,,,,,,,0,20
IA-強化服,IA,ジェネラルアイテム,強化服,キョウカフク,防具,0,0,0,0,1,1,5,5,1,1,,,,衝撃に強い繊維で作った服。見た目は普通の服と変わらない。ただ、生地は多少ごわつくところがあり、肌触りが悪い。,,,,,,,,,基本1-強化服,,,,,,,,0,1
IA-レザージャケット,IA,ジェネラルアイテム,レザージャケット,レサーシャケット,防具,0,0,0,0,2,2,7,7,4,4,,,,革製の頑丈なジャケット。手入れを怠るとすぐに形や風合いに出てしまう。オシャレにも気をつける人が好む。,,,,,,,,,基本1-レザージャケット,,,,,,,,0,4
IA-強化プロテクター,IA,ジェネラルアイテム,強化プロテクター,キョウカフロテクター,防具,0,0,−1,0,3,3,10,10,5,5,,,,急所を保護するセラミック製のプロテクター。パーツごとの持ち運びも簡単にできるため、探偵などの調査業務につく者や非常時用の装備として利用されることが多い。,,,,,,,,,NC-強化プロテクター,,,,,,,,0,5
IA-防弾防刃ジャケット,IA,ジェネラルアイテム,防弾防刃ジャケット,ホウタンホウシンシャケット,防具,0,0,0,0,3,3,10,10,6,6,,,,上着の下に着込むタイプの、特殊なベスト。軽量で効果の高い優秀な防具。防弾繊維と防刃繊維を双方使用している。,,,,,,,,,基本1-防弾防刃ジャケット,,,,,,,,0,6
IA-研究服,IA,ジェネラルアイテム,研究服,ケンキュウフク,防具,0,0,0,0,1,1,13,13,8,8,,,,研究を行なう際に必要なさまざまな道具が準備されている服。道具だけでなく、その研究に合った服装をすることによって、着用者の気持ちも引き締まる効果がある。,取得時に〈知識:~~〉からひとつを選択する。あなたが行なう選択した〈知識:~~〉判定のダイスに+1個する。,,,,,,,,IC-研究服,,,,,,,,0,8
IA-ジェットスーツ,IA,ジェネラルアイテム,ジェットスーツ,シェットスーツ,防具,−2,-2,−2,-2,3,3,14,14,8,8,,,,背部に小型のジェット噴射装置がつけられたスーツ。ジェット噴射機を使用することで飛行が可能になるが、燃料が少ないため短時間しか稼動できない。,セットアッププロセスに使用する。そのラウンドの間、あなたは飛行状態になる。この効果は1シナリオに1回まで使用できる。,,,,,,,,IC-ジェットスーツ,,,,,,,,0,8
IA-ステージ衣装,IA,ジェネラルアイテム,ステージ衣装,ステーシイショウ,防具,0,0,0,0,1,1,15,15,8,8,,,,芸術家が自身の芸術性を発揮するに相応しい舞台で着用する服。みずからを自己表現で着飾ることによって、その芸術性もいっそう高まる。,取得時に〈芸術:~~〉からひとつを選択する。あなたが行なう選択した〈芸術:~~〉判定のダイスに+1個する。,,,,,,,,IC-ステージ衣装,,,,,,,,0,8
IA-ライダーススーツ,IA,ジェネラルアイテム,ライダーススーツ,ライターススーツ,防具,0,0,0,0,2,2,13,13,8,8,,,,全身を包む革製のツナギ。ボディにしっかりとフィットすることで、バイク走行中にも運転の邪魔にならない。,あなたが行なう〈運転:二輪〉判定のダイスに+1個する。,,,,,,,,IC-ライダーススーツ,,,,,,,,0,8
IA-対低環境スーツ,IA,ジェネラルアイテム,対低環境スーツ,タイテイカンキョウスーツ,防具,−1,-1,−1,-1,4,4,10,10,9,9,,,,水中や宇宙空間など、人間が生存できない環境に耐えうるために作られたスーツ。気圧維持や酸素補給をはじめとして、さまざまな仕掛けがしてあるが、見た目はスリムである。,あなたは水中や宇宙空間でもペナルティを受けない。,,,,,,,,基本2-対低環境スーツ,,,,,,,,0,9
IA-インターセプトアーマー,IA,ジェネラルアイテム,インターセプトアーマー,インターセフトアーマー,防具,0,0,−1,0,5,5,11,11,10,10,,,,ジャケット内に金属プレートを埋め込んだ防具。重量はあるが、動きを阻害しない。,,,,,,,,,基本1-インターセプトアーマー,,,,,,,,0,10
IA-ナノメディカルスーツ,IA,ジェネラルアイテム,ナノメディカルスーツ,ナノメティカルスーツ,防具,0,0,−1,0,1,1,18,18,10,10,,,,着用者の皮膚にぴったりフィットし、受けた傷の再生を促進するスーツ。,あなたが使用する《リザレクト》で回復するHPの値に+1Dする。これによって回復した分も侵蝕率を増加させること。レアアイテム。,,,,,,,,IC-ナノメディカルスーツ,EA-リザレクト,,,,,,,0,10
IA-アヴォイドマント,IA,ジェネラルアイテム,アヴォイドマント,アウォイトマント,防具,0,0,−2,0,1,1,21,21,11,11,,,,広げると全身を覆い隠すほどの大きさのマント。慣れた者が使えば攻撃への目くらましとして回避の助けになる。しかし、その大きさゆえ動きの邪魔にもなってしまう。,あなたが行なうドッジの判定のダイスに+1個する。,,,,,,,,IC-アヴォイドマント,,,,,,,,0,11
IA-対BCスーツ,IA,ジェネラルアイテム,対BCスーツ,タイBCスーツ,防具,−2,-2,−3,-2,7,7,9,9,12,12,,,,対BC兵器用の防護服。ガスマスク、酸素ボンベなどが備わっており、重量がかさんで動きづらくなっている。ただしその分密閉度は高く、性能は折り紙付き。,あなたはバッドステータスの邪毒を受けない。ただし、エフェクトの効果によるバッドステータスの邪毒には適用されない。,,,,,,,,基本2-対BCスーツ,,,,,,,,0,12
IA-強化ビジネススーツ,IA,ジェネラルアイテム,強化ビジネススーツ,キョウカヒシネススーツ,防具,0,0,0,0,3,3,19,19,14,14,,,,フォーマルな場での危険任務を想定し、防御面が強化されているスーツ。一見して仕立てのよいビジネススーツにしか見えないため、着用を好む者が多い。,あなたが行なう【社会】判定の達成値に+2する。,,,,,,,,IC-強化ビジネススーツ,,,,,,,,0,14
IA-勝負服,IA,ジェネラルアイテム,勝負服,ショウフフク,防具,0,0,0,0,1,1,20,20,14,14,,,,個人のこだわりを最大限に反映した服。ヨーロッパ製のフルオーダースーツから暴走族の特攻服まで、とにかく着用者の魂、心意気、そういったものが込められている。外見は自由に設定すること。,あなたが行なう〈意志〉判定のダイスに+1個する。,,,,,,,,基本2-勝負服,,,,,,,,0,14
IA-レベルIIIボディアーマー,IA,ジェネラルアイテム,レベルIIIボディアーマー,レベルIIIボディアーマー,防具,−2,-2,−1,-2,7,7,15,15,14,14,,,,防弾効果を高めたアーマー。重量が行動を阻害する。,,,,,,,,,基本1-レベルIIIボディアーマー,,,,,,,,0,14
IA-鎖帷子,IA,ジェネラルアイテム,鎖帷子,クサリカタヒラ,防具,−1,-1,−1,-1,8,8,10,10,16,16,,,,鎖を編みこんだ防具。上から何かを着れば、意外に目立たない。,,,,,,,,,基本1-鎖帷子,,,,,,,,0,16
IA-すごい服,IA,ジェネラルアイテム,すごい服,スコイフク,防具,0,0,0,0,1,1,10,10,16,16,,,,だれもが「すごい」と言ってしまうような奇抜な服。この服を着ていれば、たちまち注目の的になるだろう。,あなたが行なう〈交渉〉判定の達成値に+2する。,,,,,,,,基本2-すごい服,,,,,,,,0,16
IA-スニーキングスーツ,IA,ジェネラルアイテム,スニーキングスーツ,スニーキンクスーツ,防具,0,0,0,0,2,2,10,10,16,16,,,,迷彩と消音機能によって、隠密効果を上げるスーツ。,あなたが隠密状態で行なう判定のダイスに+1個する。,,,,,,,,基本2-スニーキングスーツ,,,,,,,,0,16
IA-UGNボディアーマー,IA,ジェネラルアイテム,UGNボディアーマー,UGNボディアーマー,防具,0,0,0,0,8,8,12,12,18,18,,,,戦闘任務の多いエージェント用に開発されたスーツ。衝撃吸収用の布地を幾重にも重ね、ダメージを軽減する。,,,,,,,,,基本2-UGNボディアーマー,,,,,,,,0,18
IA-トラックスーツ,IA,ジェネラルアイテム,トラックスーツ,トラックスーツ,防具,0,0,0,0,1,1,22,22,18,18,,,,有名な映画スターが着用していた服をヒントに、UGNで開発された戦闘着。近接戦において、衣服が行動の妨げにならないように意図されている。,あなたが行なう〈白兵〉判定のダイスに+1個する。,,,,,,,,IC-トラックスーツ,,,,,,,,0,18
IA-甲胄,IA,ジェネラルアイテム,甲胄,カッチュウ,防具,−3,-3,−3,-3,10,10,13,13,20,20,,,,金属板をつなぎ合わせ、鎖帷子などで補強した鎧。美術品としての需要も高い。,,,,,,,,,基本1-甲胄,,,,,,,,0,20
IA-シューターズジャケット,IA,ジェネラルアイテム,シューターズジャケット,シュータースシャケット,防具,−1,-1,−2,-1,3,3,13,13,20,20,,,,腕や肩を固定しやすい、射撃用のジャケット。見た目は肩パッドがついた革ジャケットのように見える。,あなたが行なう〈射撃〉判定のダイスに+1個する。,,,,,,,,基本2-シューターズジャケット,,,,,,,,0,20
IA-ボムスーツ,IA,ジェネラルアイテム,ボムスーツ,ホムスーツ,防具,−7,-7,−4,-7,15,15,30,30,20,20,,,,爆発物処理班などが着用する対爆服。セラミックプレートが組み込まれ、防弾効果も非常に高い。しかし、重量がありすぎるため、着用者には高い筋力が要求される。,この防具は【肉体】6以上のキャラクターしか装備できない。レアアイテム。,,,,,,,,IC-ボムスーツ,,,,,,,,0,20
IA-展開装甲服,IA,ジェネラルアイテム,展開装甲服,テンカイソウコウフク,防具,−3,-3,−3,-3,7,7,35,35,20,20,,,,広域攻撃に対して、アタッチメントの装甲を展開することによって防御効果を上げる戦闘服。,あなたが「対象:範囲」、「対象:範囲(選択)」または「対象:シーン」、「対象:シーン(選択)」による攻撃のダメージを受ける際に使用する。その攻撃ではあなたの装甲値に+5する。この効果は1シナリオに3回まで使用できる。レアアイテム。,,,,,,,,IC-展開装甲服,,,,,,,,0,20
IA-AI補助スーツ,IA,ジェネラルアイテム,AI補助スーツ,AIホジョスーツ,防具,−1,-1,−1,-1,6,6,36,36,22,22,,,,着用者の行動を一時的に補助するためのAIが各所に組み込まれたスーツ。次に行なおうとする行動に最適な動きをスーツ自体がサポートしてくれる。,マイナーアクションで使用する。そのメインプロセスの間、あなたが行なうメジャーアクションの判定のダイスに+3個する。この効果は1シナリオに1回まで使用できる。レアアイテム。,,,,,,,,IC-AI補助スーツ,,,,,,,,0,22
IA-世界制服,IA,ジェネラルアイテム,世界制服,セカイセイフク,防具,0,0,−1,0,7,7,35,35,22,22,,,,某所での秘密作戦によって得られたデータから再び開発された最新型のUGN強化スーツ。今度はセーラー服や学ランなどの学生服のデザイン。,あなたが行なう〈意志〉判定の達成値に+3する。レアアイテム。,,,,,,,,IC-世界制服,,,,,,,,0,22
IA-戦闘用きぐるみ,IA,ジェネラルアイテム,戦闘用きぐるみ,セントウヨウキクルミ,防具,−1,-1,−1,-1,12,12,34,34,24,24,,,,きぐるみを戦闘用にカスタマイズした防具。製作者の意図は不明であるが、戦闘用に相応しく、動きを補助するような機能が付加されているので、運動性は高い。,,,,,,,,,基本2-戦闘用きぐるみ,,,,,,,,0,24
IA-アームドスーツ,IA,ジェネラルアイテム,アームドスーツ,アームトスーツ,防具,−3,-3,−2,-3,10,10,35,35,25,25,,,,人工筋肉が組み込まれたスーツアーマー。肉体の動きを補助し、通常以上の能力を発揮できるよう作られている。,あなたが行なう白兵攻撃の攻撃力に+3する。レアアイテム。,,,,,,,,基本2-アームドスーツ,,,,,,,,0,25
IA-プロテクトアーマー,IA,ジェネラルアイテム,プロテクトアーマー,フロテクトアーマー,防具,−3,-3,−2,-3,10,10,40,40,25,25,,,,組み込まれた人工筋肉の力で、保持する武器の防御力を高める効果を持つアーマー。,あなたがガードを行なう際に使用する。このガードのガード値に+3する。この効果は1ラウンドに1回まで使用できる。,,,,,,,,IC-プロテクトアーマー,,,,,,,,0,25
IA-第二世代型PAアーマー,IA,ジェネラルアイテム,第二世代型PAアーマー,タイニセタイカタPAアーマー,防具,−3,-3,−3,-3,12,12,40,40,25,25,,,,重装甲だったがあまりにも鈍重すぎた第一世代型のパワーアシストアーマーの装甲を軽量化し、作戦稼働時間を延長した第二世代モデル。,あなたは搭載火器を両手持ちとして装備できる。レアアイテム。,,,,,,,,NC-第二世代型PAアーマー,,,,,,IA-ダッシュローラー IA-アキュート,,0,25
IA-アンチレネゲイドスーツ,IA,ジェネラルアイテム,アンチレネゲイドスーツ,アンチレネケイトスーツ,防具,0,0,−1,0,7,7,47,47,29,29,,,,対オーヴァード用に使用される戦闘服。レネゲイドの力に反応して、若干だがそれを弱める電磁波を放出する機構がついている。,あなたが行なうエフェクトへのリアクションの判定のダイスに+1個する。レアアイテム。,,,,,,,,基本2-アンチレネゲイドスーツ,,,,,,,,0,29
IA-UGN戦闘服,IA,ジェネラルアイテム,UGN戦闘服,UGNセントウフク,防具,−1,-1,−1,-1,7,7,48,48,30,30,,,,UGN特殊部隊が使用する戦闘用スーツ。,あなたが行なう〈RC〉判定のダイスに+1個する。レアアイテム。,,,,,,,,基本1-UGN戦闘服,,,,,,,,0,30
IA-“黒雷”PAアーマー,IA,ジェネラルアイテム,“黒雷”PAアーマー,クロミカツチPAアーマー,防具,0,0,−2,0,15,15,購入不可,,40,40,,,,極限まで小型化されたパワーアシストアーマー。特調配下の特殊部隊“黒雷”にのみ配備されており、威圧的な外見で知られている。UGNの技術レベルも超えたテクノロジーが用いられているが、その出所は不明。,あなたは搭載火器を両手持ちとして装備できる。レアアイテム。,,,,,,,,NC-“黒雷”PAアーマー,,,,,,IA-ダッシュローラー IA-アキュート,,0,40
IA-レネゲイドサポーター,IA,ジェネラルアイテム,レネゲイドサポーター,レネケイトサホーター,防具,0,0,−1,0,5,5,55,55,32,32,,,,オーヴァード能力を活性化させるためにUGNが開発した戦闘服。着用者のレネゲイドの力を高める効果がある。,あなたが行なうエフェクトを組み合わせた判定の達成値に+2する。レアアイテム。,,,,,,,,IC-レネゲイドサポーター,,,,,,,,0,32
IA-アルティメイド服,IA,ジェネラルアイテム,アルティメイド服,アルティメイトフク,防具,0,0,−3,0,10,10,50,50,33,33,,,,某所での秘密作戦によって得られたデータから開発された最新型のUGN強化スーツ。なぜかメイド服ないし執事服のデザイン。,あなたが行なう〈RC〉判定の達成値に+3する。レアアイテム。,,,,,,,,基本2-アルティメイド服,,,,,,,,0,33
IA-パワーアシストアーマー,IA,ジェネラルアイテム,パワーアシストアーマー,ハワーアシストアーマー,防具,−10,-10,−5,-10,20,20,60,60,37,37,,,,硬化テクタイト製の強化服。まるで機械そのものを着ているような感覚となる。ただし動力の問題で長時間稼動できない。,あなたが行なう【肉体】判定のダイスに+2個、白兵攻撃の攻撃力に+5する。また、あなたは搭載火器を両手持ちとして装備できる。あなたがこの防具を装備した場合、シーン終了時に装備が解除され、シナリオ終了時まで使用できなくなる。レアアイテム。,,,,,,,,基本2-パワーアシストアーマー,,,,,,IA-ダッシュローラー IA-アキュート,,0,37
IA-アーマードマスク,IA,ジェネラルアイテム,アーマードマスク,アーマートマスク,防具(補助),0,0,−1,0,1,1,9,9,3,3,,,,顔全体を覆うマスク。防弾・防刃素材によって、防御力を確保しているが、視界がさえぎられてしまう。,あなたが行なう〈知覚〉判定のダイスに−1個する。,,,,,,,,,,,,,,,,1,3
IA-ローラーブーツ,IA,ジェネラルアイテム,ローラーブーツ,ローラーフーツ,防具(補助),−1,-1,−1,-1,0,0,11,11,7,7,,,,底面にローラーと、それを回転させる小型のエンジンが搭載されたブーツ。エンジンの推進力によって移動力が増加するが、小回りがききにくい。,セットアッププロセスに使用する。そのシーンの間、あなたの戦闘移動に+5mする。この効果は1シーンに1回まで使用できる。,,,,,,,,IC-ローラーブーツ,,,,,,,,1,7
IA-ハードコート,IA,ジェネラルアイテム,ハードコート,ハートコート,防具(補助),0,0,−2,0,2,2,9,9,8,8,,,,特殊繊維を使用した、防弾・防刃用のロングコート。防御力は大したことはないが、他の防具の上から羽織ることができる。,,,,,,,,,基本2-ハードコート,,,,,,,,1,8
IA-多機能ヘルメット,IA,ジェネラルアイテム,多機能ヘルメット,タキノウヘルメット,防具(補助),−1,-1,0,-1,1,1,15,15,9,9,,,,周辺情報をデータ化し、装着者に情報を与えるヘルメット。頭部を防護する役割もあるが、とっさの際の邪魔になる。,あなたが行なう〈知覚〉判定のダイスに+1個する。,,,,,,,,IC-多機能ヘルメット,,,,,,,,1,9
IA-リアクティブアーマー,IA,ジェネラルアイテム,リアクティブアーマー,リアクティフアーマー,防具(補助),0,0,−2,0,0,0,24,24,11,11,,,,衝撃に反応して爆発し、ダメージを減らす防具。装甲自体は無いが、いざという時の切り札として使用する。,HPダメージが適用される直前に使用する。あなたが受ける(予定の)HPダメージに−3Dする。この効果を使用したHPダメージの適用後、この防具は破壊される。,,,,,,,,基本2-リアクティブアーマー,,,,,,,,1,11
IA-覚悟のさらし,IA,ジェネラルアイテム,覚悟のさらし,カクコノサラシ,防具(補助),0,0,0,0,0,0,30,30,20,20,,,,覚悟を決めた者が、自身の心の迷いを捨てるため、しっかりと巻き締めたさらし。心に迷いが生じた時、このさらしの締めつけが正気を取り戻させてくれる。,あなたがバッドステータスの重圧を受けた時に使用する。その重圧を回復する。この効果は1シナリオに1回まで使用できる。レアアイテム。,,,,,,,,IC-覚悟のさらし,,,,,,,,1,20
IA-リアクティブコート,IA,ジェネラルアイテム,リアクティブコート,リアクティフコート,防具(補助),0,0,−2,0,6,6,36,36,24,24,,,,衝撃に反応して硬化する特殊繊維のコート。一時的に高い効果を得られるが、壊れてしまうのが欠点。,HPダメージが適用される直前に使用する。この防具を装備しているキャラクターが受ける(予定の)HPダメージを3D点軽減する。この効果を使用すると、HPダメージの適用後にこの防具は破壊される。,,,,,,,,基本2-リアクティブコート,,,,,,,,1,24
IA-RMAアーマー,IA,ユニークアイテム,RMAアーマー,RMAアーマー,防具,−2,-2,0,-2,4,4,,,,,10,10,,ネットワークを通じて着用者それぞれの情報をリアルタイムデータリンクする最新型の戦闘服。衛星からの情報を受け取って武器や照準装置に反映させることも可能。防衛隊と米軍に試験採用されている。,セットアッププロセスで使用する。そのラウンドの間、【行動値】に+4する。この効果は1シーンに1回まで使用できる。,,,,,,,,NC-RMAアーマー,,,,,,,,0,10
IA-鉄織,IA,ユニークアイテム,鉄織,クロカネオリ,防具,0,0,−2,0,4,4,,,,,15,15,,金属のように強靭な素材で作られた着物。江戸期の品とされるEXレネゲイドの物品である。,あなたと同じエンゲージのキャラクターによる攻撃から、あなたが受けるダメージに−5する。,,,,,,,,,,,,,,,,0,15
IA-マルチサポートスーツ,IA,ユニークアイテム,マルチサポートスーツ,マルチサホートスーツ,防具,−1,-1,−2,-1,4,4,,,,,15,15,,UGNが開発したミッションサポート用の特殊スーツ。着用者の希望に応じて、さまざまな補助機能が付けられる。,取得時に能力値ひとつを選択する。あなたが行なう選択した能力値による判定のダイスに+2個する。この効果は攻撃、ドッジには適用されない。,,,,,,,,HR-マルチサポートスーツ,,,,,,,,0,15
IA-エアロスーツ,IA,ユニークアイテム,エアロスーツ,エアロスーツ,防具,−2,-2,−2,-2,6,6,,,,,20,20,,操縦時の空気抵抗やGを極限まで軽減するよう設計されたプロテクタージャケット。車両での偵察任務を行なうオーヴァードのために開発された。,あなたが搭乗状態の間、あなたが行なう判定に受けているダイスを減らす効果をダイス4個分まで無視する。ただし、あなたが使用したエフェクトやアイテムによる効果には適用されない。,,,,,,,,NC-エアロスーツ,,,,,,,,0,20
IA-サベッジブースター,IA,ユニークアイテム,サベッジブースター,サヘッシフースター,防具,−1,-1,−2,-1,7,7,,,,,20,20,,UGNが開発した近接戦闘用ボディアーマー。伸縮性スーツが瞬発力を増幅し、多様な容姿のオーヴァードに対応する。,あなたの戦闘移動に+5mする。この防具は《完全獣化》の効果中でも装備できる。,,,,,,,,,EA-完全獣化,,,,,,,0,20
IA-プロトアームドスーツ,IA,ユニークアイテム,プロトアームドスーツ,フロトアームトスーツ,防具,−3,-3,−2,-3,10,10,,,,,20,20,,UGNで広く用いられているアームドスーツのプロトタイプ。マリアナ海溝の底から発掘された未知の精神感応金属を用いており、量産型とは比較にならない防御力を持つ。,【肉体】を使用した判定の達成値に+2する。,,,,,,,,NC-プロトアームドスーツ,,,,,,,,0,20
IA-アクトドレス,IA,ユニークアイテム,アクトドレス,アクトトレス,防具,0,0,5,0,9,9,,,,,25,25,,反応速度の向上に重点を置いたアームドスーツの発展型。特殊繊維によって高い耐弾・耐刃性能を有しており、新世代のUGN戦闘服として期待が寄せられている。現在は一部特殊部隊でのみ試験運用中。,取得には“コネ:UGN幹部”か、UGN本部エージェント・アクシズのエンブレムデータのいずれかが必要。,,,,,,,,NC-アクトドレス,,,,,,,,0,25
IA-カースドクロース,IA,ユニークアイテム,カースドクロース,カーストクロース,防具,−2,-2,−1,-2,2,2,,,,,30,30,,EXレネゲイドに感染した古びたドレス。かつての所持者の怨念のような力が染みついている。,あなたが行なう〈RC〉判定の達成値に+4する。またその判定が攻撃なら攻撃力に+4する。ただし、この効果を適用するごとに侵蝕率に+3する。,,,,,,,,,,,,,,,,0,30
IA-シークレットオーダー,IA,ユニークアイテム,シークレットオーダー,シークレットオーター,防具,0,0,0,0,12,12,,,,,35,35,,神城グループが傘下のエージェントのために開発した高級スーツ。同様のものは各組織でも使われている。外見は非の打ち所がないフォーマルなものだが、精神感応金属の細糸が縫い込まれており、着用者の意思に反応して耐弾性が高まる。,あなたが受けるダメージに−【精神】する。,,,,,,,,NC-シークレットオーダー,,,,,,,,0,35
IA-咎人の戒め,IA,ユニークアイテム,咎人の戒め,トカヒトノイマシメ,防具,−2,-2,−2,-2,5,5,,,,,40,40,,EXレネゲイドが感染した拘束衣。着用した数多の犯罪者の怨念が染み込んでおり、戒めを解くことができた者に力を与える。,あなたが行なう攻撃の直前に使用する。その攻撃のダメージに+3Dする。この効果を使用すると、このアイテムは破壊される。,,,,,,,,IC-咎人の戒め,,,,,,,,0,40
IA-ダークテスタメント,IA,ユニークアイテム,ダークテスタメント,タークテスタメント,防具,−1,-1,−2,-1,8,8,,,,,55,55,,衝動を増幅させるという謎の黒コート。研ぎ澄まされた衝動は目的を達成する強い意志の源となる。,あなたがバッドステータスの暴走を受けている間、あなたが行なう判定のダイスに+4個、与えるダメージに+5する。また、あなたはバッドステータスの暴走を受けていてもドッジが行なえる。,,,,,,,,NC-ダークテスタメント,,,,,,,,0,55
IA-重装PAアーマー,IA,ユニークアイテム,重装PAアーマー,ジュウソウPAアーマー,防具,−7,-7,−5,-7,20,20,,,,,60,60,,第二世代型パワーアシストアーマーに第一世代型と同等の装甲を付与した突撃タイプ。背部に武器保持用のサブアームを4本持つ。,あなたが行なう白兵攻撃の攻撃力に+5する。また、あなたは搭載火器を両手持ちとして装備できる。,,,,,,,,NC-重装PAアーマー,,,,,,IA-ダッシュローラー IA-アキュート,,0,60
IA-スマートヘルメット,IA,ユニークアイテム,スマートヘルメット,スマートヘルメット,防具(補助),−1,-1,0,-1,3,3,,,,,10,10,,AIによるナビゲーション機能のついた高性能ヘルメット。車載コンピュータと連動させることによって簡易的な操縦アシストを行なうこともできる。耐弾性も高い。,あなたが行なう〈運転:~~〉判定と道路の交通状態を調べるための判定のダイスに+2個する。,,,,,,,,NC-スマートヘルメット,,,,,,,,1,10
IA-ドッジブーツ,IA,ユニークアイテム,ドッジブーツ,トッシフーツ,防具(補助),0,0,−2,0,2,2,,,,,10,10,,超小型ロケットモーターを内蔵した強化ブーツ。短時間の飛翔を行なうことで、緊急時に立体的な回避を行なうことができる。極めて扱いが難しく、燃焼時間もごく短いため、普及はしていない。,あなたが行なう〈回避〉判定の直前で使用する。その判定のダイスに+4個する。この効果は1ラウンドに1回まで使用できる。,,,,,,,,NC-ドッジブーツ,,,,,,,,1,10
IA-ライダープロテクター,IA,ユニークアイテム,ライダープロテクター,ライターフロテクター,防具(補助),0,0,−1,0,2,2,,,,,10,10,,バイクなどを運転するためのプロテクターパッド。操縦時の抵抗を軽減するようデザインされている。,あなたが受ける判定のダイスを減らす効果を2個分まで無視する。ただし、あなたが使用したエフェクトやアイテムによる効果には適用されない。,,,,,,,,,,,,,,,,1,10
IA-サードアイヘルム,IA,ユニークアイテム,サードアイヘルム,サートアイヘルム,防具(補助),−1,-1,−3,-1,4,4,,,,,15,15,,額の部分に“第3の瞳”があしらわれた黄金製のヘルメット。原理は不明だが、着用者がレネゲイドウィルスをコントロールする力を増してくれる。,〈RC〉判定と〈意志〉判定の達成値にそれぞれ+1する。,,,,,,,,NC-サードアイヘルム,,,,,,,,1,15
IA-スカラグラス,IA,ユニークアイテム,スカラグラス,スカラクラス,防具(補助),0,0,0,0,1,1,,,,,15,15,,外見は普通のメガネに見える戦術分析デバイス。最先端のヘッドマウントディスプレイに匹敵する情報量をAR表示する。通信機能も付属。バイザー型やゴーグル型、モノクル型などさまざまなデザインが選べる。,マイナーアクションで使用する。そのメインプロセスの間、あなたが行なう判定のダイスに+2個する。この効果は1シナリオに3回まで使用できる。,,,,,,,,NC-スカラグラス,,,,,,,,1,15
IA-ステルスコート,IA,ユニークアイテム,ステルスコート,ステルスコート,防具(補助),2,2,0,2,3,3,,,,,15,15,,特殊素材を用いており、表面に周囲の風景を投影することができる防弾コート。熱放射も抑制するため、赤外線センサーも阻害できる。他の防具の上から羽織ることができる。放熱に難を抱えているため、使用には特別な訓練が必要。,,,,,,,,,NC-ステルスコート,,,,,,,,1,15
IA-オメガゴーグル,IA,ユニークアイテム,オメガゴーグル,オメカコークル,防具(補助),0,0,0,0,3,3,,,,,20,20,,各種センサーや暗視機能を備えた戦術分析ゴーグルヘルメットと一体化し、頭部を保護する機能も持つ。,あなたが行なう【感覚】判定のダイスに+2個する。ただし、この効果を受けるたび、あなたの侵蝕率に+1する。,,,,,,,,,,,,,,,,1,20
IA-クラッシュコート,IA,ユニークアイテム,クラッシュコート,クラッシュコート,防具(補助),−1,-1,−3,-1,9,9,,,,,20,20,,UGNが開発した衝撃吸収コート。素材の製法が流出し、複数の機関に出回っている。,あなたが1点でもHPダメージを受けた場合、そのシーンの終了時にこの防具は破壊される。,,,,,,,,,,,,,,,,1,20
IA-ベルベットクローク,IA,ユニークアイテム:エンジェルハィロゥ,ベルベットクローク,ヘルヘットクローク,防具(補助),−1,-1,0,-1,1,1,,,,,25,25,,艶やかな漆黒のマント。光を吸い寄せる素材で作られており、着用者を闇に溶け込ませる。,あなたが隠密状態で行なう判定のダイスに+3個する。,,,,,,,,NC-ベルベットクローク,,,,,,,,1,25
IA-PAアーマー“GRV”,IA,ユニークアイテム:バロール,PAアーマー“GRV”,PAアーマーGRV,防具,0,0,0,0,35,35,,,,,100,100,,強固な装甲や身体能力の補助機能を持つ試作型パワーアシストアーマー。ただし、その重量はすさまじく、着用者はまともに動けない。そのためバロールの重力制御によってのみ運用が可能。,あなたは搭載火器を装備できる。またバロールのエフェクトを組み合わせた攻撃の攻撃力に+10する。,,,,,,,,,,,,,,IA-ダッシュローラー IA-アキュート,,0,100
IA-リーパーズシュラウド,IA,ユニークアイテム:バロール,リーパーズシュラウド,リーハースシュラウト,防具(補助),−1,-1,−1,-1,2,2,,,,,15,15,,死神を彷彿とさせるぼろぼろの黒いコート。バロールのエフェクトを増幅し、着用者が受ける重力を軽減する。,あなたが行なう【肉体】判定のダイスに+2個する。この効果はあなたを対象としたバロールのエフェクトの効果を受けている間のみ適用される。,,,,,,,,,,,,,,,,1,15
IA-血染めのマント,IA,ユニークアイテム:ブラム=ストーカー,血染めのマント,チソメノマント,防具,−2,-2,−2,-2,5,5,,,,,20,20,,まるで血のように赤く染まったマント。このマントは失われた血液を吸い上げ、着用者に取り戻させる。,あなたがブラム=ストーカーのエフェクトによってあなたのHPを回復する時、さらに追加で7点のHPを回復する。,,,,,,,,NC-血染めのマント,,,,,,,,0,20
IA-貴人の礼装,IA,ユニークアイテム:ブラム=ストーカー,貴人の礼装,キシンノレイソウ,防具,−1,-1,−1,-1,10,10,,,,,30,30,,EXレネゲイドに感染した貴族の衣服。あなたの血液を染み込ませることで、あなたの心身の機能を一時的に向上させる。,あなたが行なう判定の直前に使用する。その判定の達成値に+5する。この効果を使用するたびに、あなたはHP5点を失う。この効果は1シナリオに3回まで使用でき、一度に使うことで効果が重複する。,,,,,,,,上級-貴人の礼装,,,,,,,,0,30
IA-ビーストチェイン,IA,ユニークアイテム:キュマイラ,ビーストチェイン,ヒーストチェイン,防具,−2/0,0,0,0,7,7,,,,,10,10,,UGNが開発したキュマイラ用チェインメイル。完全オーダーメイドで使用者が獣化しても鎧として機能するが、人間の姿の間はややかさばる。,この防具は《完全獣化》の効果中でも装備できる。あなたが《完全獣化》の効果中の場合、ドッジは/の右側となる。,,,,,,,,,EA-完全獣化,,,,,,,0,10
IA-アダプトアーマー,IA,ユニークアイテム:キュマイラ,アダプトアーマー,アタフトアーマー,防具,−1,-1,−1,-1,5,5,,,,,25,25,,キュマイラの能力によって肉体が変化しても、それに合わせた形に自動的に適応するスーツ。人ならざる身への変化に、柔軟に対応するための代償として、防具としての性能はそれほど高くない。,あなたが行なう白兵攻撃の攻撃力に+3する。この防具は《完全獣化》の効果中でも装備できる。,,,,,,,,IC-アダプトアーマー,EA-完全獣化,,,,,,,0,25
IA-グリードフェザー,IA,ユニークアイテム:キュマイラ,グリードフェザー,クリートフェサー,防具(補助),0,0,−1,0,2,2,,,,,15,15,,空を自在に飛翔したアニマルオーヴァードの羽根を編んでマントとしたもの。,あなたが飛行状態の間、攻撃の判定とドッジのダイスに+3個する。,,,,,,,,,,,,,,,,1,15
IA-幻惑の外套,IA,ユニークアイテム:エグザイル,幻惑の外套,ケンワクノイトウ,防具(補助),0,0,0,0,5,5,,,,,15,15,,身体の輪郭を隠す外套。エグザイルシンドロームのオーヴァードが身につければ、急所を隠すことができる。,あなたが行なうドッジの判定のダイスに+2個する。,,,,,,,,,,,,,,,,1,15
IA-サウンドアーマー,IA,ユニークアイテム:ハヌマーン,サウンドアーマー,サウントアーマー,防具,0,0,−5,0,3,3,,,,,15,15,,各所に強力な小型スピーカーを組み込んだ特殊防護服。音の波を操作できるハヌマーンが着用すれば、音圧によって敵の攻撃を逸らすことすら可能。スピーカーによって動きにくいのが欠点。,あなたが行なうリアクションの達成値に+5する。,,,,,,,,IC-サウンドアーマー,,,,,,,,0,15
IA-波紋の衣,IA,ユニークアイテム:ハヌマーン,波紋の衣,ハモンノコロモ,防具(補助),0,0,0,0,2,2,,,,,20,20,,あなたが放つ波紋を増幅する装置を内蔵した羽衣。衣服の上から羽織ることができる。,あなたが使用する《波紋の方陣》は、ダメージをさらに−2Dする。,,,,,,,,,EA-波紋の方陣,,,,,,,1,20
IA-ドミネイトコート,IA,ユニークアイテム:オルクス,ドミネイトコート,トミネイトコート,防具,−1,-1,−1,-1,6,6,,,,,20,20,,あなたの領域で作られる環境に合わせて調整されたコート。領域の状況に合わせて、あなたの力を増幅する。,「種別:防具(補助)」と同時に装備できない。あなたが《奈落の法則》を使用したラウンドの間、あなたが行なう〈RC〉判定のダイスに+4個する。,,,,,,,,,EA-奈落の法則,,,,,,,0,20
IA-エターナルエンブレイス,IA,ユニークアイテム:サラマンダー,エターナルエンブレイス,エターナルエンフレイス,防具,−1,-1,0,-1,8,8,,,,,25,25,,溶けることのない氷でできた胸甲。触れるものに冷気で反応し、凍傷を負わせる。,あなたが使用する《エネルギーマイスター》はレベルに+3して効果を算出できる。この時、レベルの上限を超えてもよい。,,,,,,,,,EA-エネルギーマイスター,,,,,,,0,25
IA-完全熱光学迷彩服,IA,ユニークアイテム:サラマンダー,完全熱光学迷彩服,カンセンネツコウカクメイサイフク,防具,−2,-2,−1,-2,7,7,,,,,30,30,,現在開発中の、熱光学迷彩服の最新バージョン。優れた隠密能力を達成したが、熱交換を遮断しているため放熱ができず、サラマンダーシンドロームの持ち主だけが着用できる。,マイナーアクションで使用する。あなたは隠密状態となる。敵とエンゲージしていても、この効果で隠密状態になれる。また、発見に対してあなたが行なう〈知覚〉対決の判定のダイスに+4個する。,,,,,,,,上級-完全熱光学迷彩服,,,,,,,,0,30
IA-ミスリーダー,IA,ユニークアイテム:ソラリス,ミスリーダー,ミスリーター,防具,0,0,0,0,1,1,,,,,50,50,,相手に対する印象を操作できるようデザインされた衣服。ソラリスが着ることで、相手の認識を自在に誘導できる。,あなたが行なう【感覚】【社会】判定に対するリアクションの判定のクリティカル値に+1する。,,,,,,,,IC-ミスリーダー,,,,,,,,0,50
IA-アンチポイズン,IA,ユニークアイテム:ソラリス,アンチポイズン,アンチホイスン,防具(補助),0,0,−1,0,1,1,,,,,15,15,,エフェクトの毒も防ぐ、特製の防毒マスク。ソラリスシンドロームの物質生成能力によってあらゆる毒に対応し、濾材の交換の必要もない。,あなたはランクが3以下のバッドステータスの邪毒を受けない。,,,,,,,,,,,,,,,,1,15
IA-スネークスキン,IA,ユニークアイテム:ウロボロス,スネークスキン,スネークスキン,防具,0,0,0,0,4,4,,,,,10,10,,脱皮した蛇の抜け殻のように見えるレネゲイドビーイングの遺物。使用者の肉体と同化し、体の表面を鱗のように硬化させ生命力を高める。,オートアクションでいつでも装備できる。この防具を取得することで、あなたのHP最大値に+10する。ただし、あなたの侵蝕率基本値に+2する。,,,,,,,,,,,,,,,,0,10
IA-シャドウスーツ,IA,ユニークアイテム:ウロボロス,シャドウスーツ,シャトウスーツ,防具,0,0,−1,0,4/10,10,,,,,15,15,,敵のレネゲイドを喰らうことで、防具として進化する強化服。,あなたがエフェクトを組み合わせた攻撃で1点以上のHPダメージを受けた時に使用する。そのシーンの間、装甲値は/の右側となる。ただし、そのHPダメージであなたが戦闘不能になる場合は使用できない。,,,,,,,,,,,,,,,,0,15
IA-宵闇の外套,IA,ユニークアイテム:ウロボロス,宵闇の外套,ヨイヤミノカイトウ,防具,0,0,−1,0,8,8,,,,,30,30,,影そのものを空間に固着化させたといわれている漆黒のマント。その色は闇よりも暗く、ベルベットのような不思議な手触りを持つが、衝撃に対しては鋼のごとき強度となる。,あなたがガードを行なう直前に使用する。そのガードのガード値に+5する。ただし、この効果を使用した場合、あなたの侵蝕率に+2する。,,,,,,,,IC-宵闇の外套,,,,,,,,0,30
IA-赫き鎧,IA,クリエイトアイテム:ブラム=ストーカー,赫き鎧,アカキヨロイ,防具,0,0,0,0,[消費したHP×3+6],,購入不可,,不可,,,,,血液から防具を製作するエフェクト。,使用時にLV以下の任意のHPを消費する。そのシーンの間、あなたは以下のデータの防具を作成し、装備する。その際、装備していた防具と交換できる。,,,,,,IA-赫き鎧,,,,,,,,,,0,999
IA-アーマークリエイト,IA,クリエイトアイテム:モルフェウス,アーマークリエイト,アーマークリエイト,防具,0,0,0,0,[LV×2+7],,購入不可,,不可,,,,,物質を変換して、防具を製作するエフェクト。その形状はあなたの思いのままである。,そのシーンの間、以下のデータの防具を作成し、装備する。その際、装備していた防具と交換できる。,,,,,,IA-アーマークリエイト,,,,,,,,,,0,999
IA-黒曜の鎧,IA,クリエイトアイテム:オルクス,黒曜の鎧,コクヨウノヨロイ,防具,−3,-3,−3,-3,[LV×3+6],,購入不可,,不可,,,,,領域内の無機物を身にまとい、防壁とするエフェクト。,そのシーンの間、以下のデータの防具を作成し、装備する。その際、装備していた防具と交換できる。,,,,,,IA-黒曜の鎧,,,,,,,,,,0,999
IA-アーマースキン,IA,エフェクトアイテム:ブラックドッグ専用アイテム,アーマースキン,アーマースキン,防具(補助),0,0,0,0,4,4,購入不可,,不可,,,,,強化繊維を埋め込むことで防具と化した皮膚。衝撃が効率的に拡散される効果を持つ。外見は通常の皮膚と変わらない。,HPダメージが適用される直前に使用する。あなたが受ける(予定の)HPダメージを1D点軽減する。この効果は1シーンに1回まで使用できる。,,,,,,,,IC-アーマースキン EA-アーマースキン,,,,,,,,1,999
IA-従者の甲冑,IA,エフェクトアイテム:従者専用アイテム,従者の甲冑,シュウシャノカッチュウ,防具,−5,-5,−3,-5,10,10,購入不可,,不可,,,,,従者の身体が、甲冑のように変化したもの。高い防御効果を得るようになるが、同時に動作速度が非常に低下する。,,,,,,,,,IC-従者の甲冑 EA-従者の甲冑,,,,,,,,0,999
IA-メタルスーツ,IA,秘密兵器専用アイテム,メタルスーツ,メタルスーツ,防具,−3,-3,−4,-3,16,16,,,,,20,20,,さまざまな兵器を搭載したパワードスーツ。,この防具を装備している間、以下のデータの射撃武器を3つ装備しているものとして扱う。これらの射撃武器は武器の装備数に含めず、それぞれシナリオに1回まで使用できる。,,,IA-メタルスーツ,,,,,RW-メタルスーツ,,,,,,,LM-秘密兵器,0,20
IA-EXパスファインダー,IA,秘密兵器専用アイテム,EXパスファインダー,EXパスファインダー,防具,0,0,0,0,12,12,,,,,20,20,,EXレネゲイドに感染したボディアーマー。着用者の反応速度を一時的に加速することができる。,セットアッププロセスに使用する。そのラウンドの間、あなたの【行動値】に+7する。この効果を使用後、侵蝕率に+3する。この効果は1シーンに1回まで使用できる。,,,,,,,,HR-EXパスファインダー,,,,,,,LM-秘密兵器,0,20
IA-アーマメントベルト,IA,秘密兵器専用アイテム,アーマメントベルト,アーマメントヘルト,防具,0,0,0,0,0/12,12,,,,,20,20,,普段はベルトの形状に格納されたバトルスーツ。鍵となるアイテムや音声認識などで本来の姿に展開される。,セットアッププロセスで使用する。そのシーンの間、この防具の装甲値は/の右側となる。また、この効果を受けている間、あなたの素手を「攻撃力:8」に変更する。,,,,,,,,RW-アーマメントベルト,,,,,,,LM-秘密兵器,0,20
IA-カメレオンクローク,IA,秘密兵器専用アイテム,カメレオンクローク,カメレオンクローク,防具,4,4,0,4,2,2,,,,,20,20,,ステルス迷彩によって姿を隠すマント。あらゆるセンサーを無効化し、逆に周囲の状況を探知する。,あなたが行なう〈知覚〉判定の達成値に+4する。また、あなたが行なう〈知覚〉判定かドッジの判定の直前に使用する。その判定の達成値に+10する。この効果は1シナリオに1回まで使用できる。,,,,,,,,,,,,,,,LM-秘密兵器,0,20
IA-ブーストアーマー,IA,秘密兵器専用アイテム,ブーストアーマー,フーストアーマー,防具,0,0,−2,0,15,15,,,,,20,20,,装着者のレネゲイドを刺激し、能力を上昇させるボディアーマー。,あなたが行なう【肉体】【感覚】【精神】判定のダイスに+2個する。ただし、あなたがメジャーアクションを行なった場合、そのメインプロセスの終了時に、侵蝕率に+2する。,,,,,,,,上級-ブーストアーマー LM-ブーストアーマー,,,,,,,LM-秘密兵器,0,20
IA-リビングコート,IA,秘密兵器専用アイテム,リビングコート,リヒンクコート,防具(補助),0,0,0,0,7,7,,,,,20,20,,EXレネゲイドに感染したコート。,HPダメージが適用される直前に使用する。あなたが受ける(予定の)HPダメージに−4Dする。ただし、この効果を使用すると、HPダメージの適用後、この防具は破壊される。,,,,,,,,上級-リビングコート LM-リビングコート,,,,,,,LM-秘密兵器,1,20
IA-祈りの造花,IA,遺産継承者専用アイテム,祈りの造花,イノリノソウカ,防具,0,0,0,0,8,8,購入不可,,不可,,,,,数多の少女の祈りを力に変えてきた石のバラ。祈りとともに戦闘用の衣装と武具に姿を変える。,取得時に《インフィニティウェポン》か《ハンドレッドガンズ》を3レベルで取得する。このエフェクトの取得に経験点は必要ない。,契約者は絶望を許されず、バックトラックでジャーム化する代わりに死亡し、この遺産の一部となる。,,,,,,,RW-祈りの造花,IA-インフィニティウェポン IA-ハンドレッドガンズ,,,,,,LM-遺産継承者 HR-遺産の器,0,999
IA-蛇王の外套,IA,遺産継承者専用アイテム,蛇王の外套,シャオウノカイトウ,防具,0,0,0,0,7,7,購入不可,,不可,,,,,古代の王が悪魔と契約して得た外套。契約者の双肩には蛇の痣が浮かび、あらゆる知識を授けるという。,ウロボロスのエフェクトひとつを選択し、1レベルで取得する。ただし、「制限:—」以外のエフェクトは取得できない。取得に経験点は必要なく、経験点を使用して成長できる。,契約者は次第に良心を失い冷徹になっていく。侵蝕率基本値に+8する。,,,,,,,LM-蛇王の外套,,,,,,,LM-遺産継承者 HR-遺産の器,0,999
IA-女神の盾,IA,遺産継承者専用アイテム,女神の盾,メカミノタテ,防具,0,0,0,0,9,9,購入不可,,不可,,,,,ある女神の象徴たる黄金の盾。防具としては胸甲として用いる。装備すると力場状の盾を形成する。,あなたが行なうガードのガード値に+5する。また、この防具による装甲値、ガード値はエフェクトの効果で無視できない。,契約者は女神の闘士として武器の使用を禁じられる。あなたは素手以外の武器を使用できない。,,,,,,,,,,,,,,LM-遺産継承者 HR-遺産の器,0,999
IA-白猿の額冠,IA,遺産継承者専用アイテム,白猿の額冠,ハクエンノカクカン,防具(補助),0,0,3,0,5,5,購入不可,,不可,,,,,猿人の姿で描かれるオーヴァードが残したサークレット。,ハヌマーンのエフェクトひとつを選択し、1レベルで取得する。ただし「制限:—」以外のエフェクトは取得できない。取得に経験点は必要なく、経験点を使用して成長できる。,契約者は理性的なふるまいを要求される。あなたはバッドステータスの暴走を受けるたび、5D点のHPを失う。,,,,,,,HR-白猿の額冠,,,,,,,LM-遺産継承者 HR-遺産の器,1,999
IA-FHベストアーマー,IA,FHアイテム,FHベストアーマー,FHベストアーマー,防具,0,0,−1,0,5,5,購入不可,,8,8,,,,FHの戦闘部隊が主に使用する防具。衝撃に強い構造となっている。,あなたが硬直を受けた直後に使用する。その硬直を回復する。この効果は1シナリオに1回まで使用できる。,,,,,,,,PE-FHベストアーマー,,,,,,IA-ユニフォームド,,0,8
IA-FHインターセプター,IA,FHアイテム,FHインターセプター,FHインターセプター,防具,0,0,0,0,8,8,購入不可,,15,15,,,,襲撃に適した特殊戦闘服。レーダー機器を内蔵し、セットのバイザーにリアルタイムで周辺状況を報告する。,あなたが行なうドッジの判定の達成値とあなたの【行動値】に+[あなたが取得している“精神強化手術”の数](最大+3)する。,,,,,,,,HR-FHインターセプター,,,,,,IA-精神強化手術,,0,15
IA-FH戦闘服,IA,FHアイテム,FH戦闘服,FHセントウフク,防具,0,0,−2,0,10,10,購入不可,,20,20,,,,FHがオーヴァードのエージェント用に開発した戦闘服。,あなたが行なうエフェクトを組み合わせた判定のダイスに+1個する。,,,,,,,,PE-FH戦闘服,,,,,,,,0,20
IA-FHバトルアーマー,IA,FHアイテム,FHバトルアーマー,FHバトルアーマー,防具,−5,-5,−5,-5,15,15,購入不可,,40,40,,,,FHが開発した、対オーヴァード用パワードスーツ。オーヴァードも着ることが可能だ。,あなたがエフェクトを組み合わせた攻撃を受けた場合、その攻撃のHPダメージに−5する。,,,,,,,,PE-FHバトルアーマー,,,,,,,,0,40
IA-タルタロス,IA,FHアイテム,タルタロス,タルタロス,防具,−1,-1,−2,-1,15,15,購入不可,,40,40,,,,極秘開発されたパワーアシストスーツ。オーヴァードのものと思われる生体部品を使用しており、特殊な訓練を受けた人間でなければ動かせない。,あなたは搭載火器を装備できる。この防具は“精神強化手術”をふたつ以上取得しているキャラクターのみ装備できる。レアアイテム。,,,,,,,,HR-タルタロス,,,,,,IA-精神強化手術,,0,40
IA-FHバトルコート,IA,FHアイテム,FHバトルコート,FHバトルコート,防具(補助),0,0,−3,0,5,5,購入不可,,15,15,,,,FHが防具を補強するために開発したコート。エフェクトに対して特殊な防御効果を有している。,エフェクトを組み合わせた攻撃に対するリアクションの直前に使用する。あなたが受ける(予定の)その攻撃のHPダメージに−5する。この効果は1シーンに1回まで使用できる。,,,,,,,,PE-FHバトルコート,,,,,,,,1,15
IA-グローイングアーマー,IA,FHアイテム,グローイングアーマー,クローインクアーマー,防具,0,0,−2,0,20,20,購入不可,,80,80,,,,FHが開発した、進化するパワードアーマー。高度なAIが搭載されており、着用者の力を発揮させるためにアーマーの構造を最適化するようになっている。,取得時にあなたの能力値ひとつを選択する。あなたが行なう判定の直前に使用する。その判定の達成値に+[選択した能力値]する。この効果は1シナリオに3回まで使用できる。レアアイテム。,,,,,,,,PE-グローイングアーマー,,,,,,,,0,80
IA-アリベイトスーツ,IA,エンブレムアイテム:UGNエージェント,アリベイトスーツ,アリヘイトスーツ,エンブレム/防具,0,0,−1,0,5,5,,,,,5,5,,対オーヴァードの最前線に立つトップエージェントに支給される特殊スーツ。,エフェクトを組み合わせた攻撃によってあなたへのHPダメージが算出された直後に使用する。あなたが受ける(予定の)ダメージに−5する。この効果は1ラウンドに1回まで使用できる。,,,,,,,,UG-アリベイトスーツ,,,,,,,,2,5
IA-インザレイン,IA,エンブレムアイテム:UGNエージェント,インザレイン,インサレイン,エンブレム/防具(補助),0,0,−1,0,3,3,,,,,15,15,,大規模戦闘を想定したポンチョ状のアーマーコート。破片や爆風などによる被害を効果的に防ぐことができる。,「対象:単体」でない攻撃によってあなたが受けるダメージに−5する。,,,,,,,,,,,,,,,,3,15
IA-†リターナーズクローク,IA,エンブレムアイテム:UGNエージェント,†リターナーズクローク,リターナースクローク,エンブレム/防具,0,0,0,0,12,12,,,,,35,35,,数々の武勲を誇る戦闘力の高いエージェントに贈られるコンバットスーツ。着ていることそれ自体が攻防に優れた技術を持つことを証明する。,あなたが行なう攻撃で与えるダメージとガードのガード値に+2Dする。,,,,,,,,,,,,,,,,2,35
IA-マジェスティコート,IA,エンブレムアイテム:UGN支部長,マジェスティコート,マシェスティコート,エンブレム/防具,0,0,0,0,3,3,,,,,15,15,,支部のトップに立つ人間に相応しい威厳あるコート。着用者の気を引き締めるとともに、見る者の士気をあげ動きを機敏にする。,セットアッププロセスで使用する。そのラウンドの間、あなたと同じエンゲージにいる任意のキャラクターすべての【行動値】に+3する。,,,,,,,,UG-マジェスティコート,,,,,,,,2,15
IA-スカラーウェア,IA,エンブレムアイテム:UGN本部エージェント,スカラーウェア,スカラーウェア,エンブレム/防具,0,0,0,0,8,8,,,,,15,15,,本部内でレネゲイド研究に携わるエージェントの制服。最新の研究結果が反映され、着用者のレネゲイドを抑制してくれる。,判定の直後に使用する。その判定で上昇する侵蝕率に−2する(最低0)。判定に複数のエフェクトを組み合わせていた場合、侵蝕値を合計した後、この効果を適用すること。この効果は1シーンに1回まで使用できる。,,,,,,,,UG-スカラーウェア,,,,,,,,2,15
IA-ハーデンドアーマー,IA,エンブレムアイテム:UGN本部エージェント,ハーデンドアーマー,ハーテントアーマー,エンブレム/防具(補助),0,0,0,0,5,5,,,,,10,10,,防具を補強すると同時に、あなた専用に改造する強化パーツ。エフェクトによる攻撃に対し、特に高い効果を発揮する。,この防具は他の防具と同時に装備している間のみ装甲値と効果を適用する。エフェクトを組み合わせた攻撃からあなたが受けるダメージに−5する。,,,,,,,,,,,,,,,,3,10
IA-アブソーブアーマー,IA,エンブレムアイテム:アクシズ,アブソーブアーマー,アフソーフアーマー,エンブレム/防具,0,0,0,0,15,15,,,,,30,30,,UGNにおける最重要人物である評議員の身を守るために開発された防具。衝撃を拡散、吸収する特殊素材が使われている。,HPダメージが適用される直前に使用する。あなたが受ける(予定の)HPダメージに−3Dする。この効果は1シナリオに3回まで使用できる。,,,,,,,,UG-アブソーブアーマー,,,,,,,,2,30
IA-トレーサーズジャケット,IA,エンブレムアイテム:UGN共通,トレーサーズジャケット,トレーサースシャケット,エンブレム/防具,0,0,0,0,7,7,,,,,5,5,,優れた追跡能力を持つものだけに与えられる高性能エージェントスーツ。このスーツは特殊素材によって筋力や敏捷性を増幅する。,あなたが行なう【肉体】判定の達成値に+3する。ただし、攻撃の判定にはこの効果は適用しない。,,,,,,,,,,,,,,,,2,5
IA-リサーチャーズジャケット,IA,エンブレムアイテム:UGN共通,リサーチャーズジャケット,リサーチャースシャケット,エンブレム/防具,−2,-2,0,-2,5,5,,,,,5,5,,優れた調査能力を持つものだけに与えられる耐環境エージェントスーツ。このスーツは高温や汚染などに強く、どんな場所でも安定した調査活動を行なうことが可能となる。,あなたが行なう〈知覚〉判定と〈知識:~~〉判定の達成値に+3する。,,,,,,,,,,,,,,,,2,5
IA-UGNシューターズジャケット,IA,エンブレムアイテム:UGN共通,UGNシューターズジャケット,UGNシューターズジャケット,エンブレム/防具,0,0,−1,0,5,5,,,,,10,10,,シューターズジャケットをUGNが改良したもの。特殊開発素材で動きやすく、銃撃戦での防御力も向上した。,あなたが行なう〈射撃〉判定のダイス+1個、射撃攻撃で受けるダメージに−5する。,,,,,,,,,,,,,,,,2,10
IA-UGN戦闘服II,IA,エンブレムアイテム:UGN共通,UGN戦闘服II,UGNセントウフクII,エンブレム/防具,0,0,0,0,15,15,,,,,30,30,,防御能力と、レネゲイドをコントロールする機能を強化したUGN戦闘服。,あなたが行なうエフェクトを組み合わせた判定のダイスに+2個する。,,,,,,,,UG-UGN戦闘服II,,,,,,,,2,30
IA-ミラージュコート,IA,エンブレムアイテム:FHエージェント,ミラージュコート,ミラーシュコート,エンブレム/防具,0,0,0,0,6,6,,,,,15,15,,周囲に分身を投影する、映像投射コート。姿を隠すのではなく、機動戦における照準撹乱を目的としている。,このラウンドに戦闘移動、全力移動、もしくはエンゲージからの離脱を行なっていた場合、あなたが行なうドッジの達成値に+5する。,,,,,,,,UG-ミラージュコート,,,,,,,,2,15
IA-チーフスピリッツ,IA,エンブレムアイテム:FH共通,チーフスピリッツ,チーフスヒリッツ,エンブレム/防具,0,0,0,0,7,7,,,,,10,10,,それぞれに異なる悪魔の名と意匠を冠する72着のコート。優れたエージェントに贈られるとも、強固な理想、欲望を持つものに与えられるともいわれる。着用者は特権を持つ者としての扱いを受けることができる。,あなたが行なう〈情報:~~〉判定のダイスに+3個する。,,,,,,,,,,,,,,,,2,10
IA-ハードビズ・スーツ,IA,エンブレムアイテム:神城グループ,ハードビズ・スーツ,ハートヒス・スーツ,エンブレム/防具,0,0,0,0,8,8,,,,,10,10,,神城グループの工作員に支給される強化服。,あなたが行なう〈意志〉判定の達成値に+[〈情報:ビジネス〉レベル]する(最大+5)。,,,,,,,,,,,,,,,,2,10
IA-ギルドコート,IA,エンブレムアイテム:ギルド,ギルドコート,キルトコート,エンブレム/防具,0,0,0,0,3,3,,,,,15,15,,ギルドのエージェントが着用するロングコート。旧東独情報部シュタージが特別にデザインしたものを元にしており、着用者が目立たない心理的効果がある。,マイナーアクションで使用する。あなたは隠密状態になる。この効果は1シーンに1回まで使用できる。,,,,,,,,UG-ギルドコート,,,,,,,,2,15
IA-ストレンジャーズ特殊戦闘服,IA,エンブレムアイテム:ストレンジャーズ,ストレンジャーズ特殊戦闘服,ストレンシャーストクシュセントウフク,エンブレム/防具,−1,-1,−1,-1,3,3,,,,,5,5,,ストレンジャーズの特殊戦闘服。外見は防衛隊の野戦戦闘服にボディアーマーを着用したものに近いが、レネゲイドの侵蝕を受けにくい特殊素材で編まれている。,あなたがエフェクトを使用した攻撃から受けるHPダメージに−5する。,,,,,,,,UG-ストレンジャーズ特殊戦闘服,,,,,,,,2,5
IA-ホラの外套,IA,エンブレムアイテム:ゼノス,ホラの外套,ホラノカイトウ,エンブレム/防具,0,0,0,0,9,9,,,,,15,15,,ゼノス内でも特別なミッションに臨むエージェントに与えられる、限定的に時を操るコート。,イニシアチブプロセスで使用する。あなたはメインプロセスを行なう。このメインプロセスは未行動でも行なえ、行動済みにもならないが、エフェクトは使用できず攻撃も行なえない。使用後、この防具は破壊される。,,,,,,,,,,,,,,,,2,15
IA-概念外装,IA,エンブレムアイテム:ゼノス,概念外装,カイネンカイソウ,エンブレム/防具(補助),0,0,0,0,5,5,,,,,15,15,,あなたが概念存在であり、肉体は人間と接触するための道具に過ぎないことを表わすエンブレムアイテム。あなたの本質はみずからを定義する情報だ。肉体は、いくらでも修復できる。,イニシアチブプロセスで使用する。あなたのHPを5D点回復する。この効果は1シナリオに1回まで使用できる。このエンブレムアイテムはレネゲイドビーイングのみ取得できる。,,,,,,,,UG-概念外装,,,,,,,,3,15
IA-†キャノンボーラー,IA,エンブレムアイテム:テンペスト,†キャノンボーラー,キャノンホーラー,エンブレム/防具,−3,-3,−3,-3,25,25,,,,,30,30,,降下作戦用のパワードスーツ。専用のカタパルトで射出し、作戦地点に最速で到達させる。特別な訓練を受けたオーヴァードだけがこの任務につく。,あなたは搭載火器を両手持ちとして装備できる。また、セットアッププロセスで使用する。シーン内の任意のエンゲージにあなたを配置し直す。移動ではないので移動を妨害する効果は受けない。この効果は1シナリオに1回まで使用できる。,,,,,,,,,,,,,,,,2,30
IA-絆の制服,IA,エンブレムアイテム:フリーランス,絆の制服,キスナノセイフク,エンブレム/防具,0,0,0,0,3,3,,,,,5,5,,友人や仲間、生徒会などさまざまな想いが込められ継承された学生服。この服を着ていると、不思議と心がシャンとする。,あなたが行なう【精神】判定の達成値に+2する。この効果は攻撃には適用されない。,,,,,,,,,,,,,,,,2,5
IA-愛用のジャケット,IA,エンブレムアイテム:フリーランス,愛用のジャケット,アイヨウノシャケット,エンブレム/防具,0,0,0,0,4,4,,,,,10,10,,あなたにとっては名刺代わりでもあるお気に入りのジャケット。着ていると仕事の気分を盛り上げてくれる。,取得時に技能ひとつを選択する。あなたが行なう選択した技能の判定の達成値に+3する。,,,,,,,,,,,,,,,,2,10
IA-師匠のコート,IA,エンブレムアイテム:フリーランス,師匠のコート,シショウノコート,エンブレム/防具,0,0,0,0,4,4,,,,,10,10,,あなたの師にあたる人物から譲り受けたコート。あなたはそのコートとともにさまざまな人脈を受け継いだ。コートはその信用の証だ。,あなたが行なう〈情報:~~〉判定のダイスに+3する。この効果は「種別:コネ」のアイテムとは同時に適用できない。,,,,,,,,,,,,,,,,2,10
IA-フレックスジャケット,IA,エンブレムアイテム:フリーランス,フレックスジャケット,フレックスシャケット,エンブレム/防具,0,0,−1,0,7,7,,,,,15,15,,特注の防弾ジャケット。軽やかで動きを阻害しないが、驚くほどの耐衝撃性能がある。裏社会との深い繋がりがなければオーダーできない。,取得には〈情報:裏社会〉4レベル以上が必要。あなたへのHPダメージが算出された直後に使用する。あなたが受ける(予定の)HPダメージに−2Dする。この効果は1シナリオに1回まで使用できる。,,,,,,,,,,,,,,,,2,15
IA-ナイトフォール戦闘服,IA,リレーションアイテム:強羅瑠璃,ナイトフォール戦闘服,ナイトフォールセントウフク,リレーション/防具,0,0,−1,0,10,10,,,,,30,30,強羅瑠璃,ナイトフォールのために試作された戦闘服。UGN戦闘服を対遺産用に改修したものである。ナイトフォールが蓄積した遺産についての情報を元に開発された。,“遺産”を所持しているキャラクターとの対決であなたが行なうリアクションの判定のダイスに+2個する。“遺産”とは、“遺産継承者用アイテム”、およびGMが遺産と認めたアイテムである。,,“遺産”を所持しているキャラクターに与えるダメージに+5する。“遺産”とは、“遺産継承者用アイテム”、およびGMが遺産と認めたアイテムである。,,,,,,HR-ナイトフォール戦闘服,,,,,,,,4,30
IA-スパイダージャケット,IA,リレーションアイテム:玉野椿,スパイダージャケット,スハイターシャケット,リレーション/防具,−2,-2,−1,-2,6,6,,,,,25,25,玉野椿,新開発の特殊繊維で編まれた防弾防刃ジャケット。玉野椿のエフェクトデータが利用されており、攻防の動作を妨害しないようにできている。また、耐久性が非常に高く盾のように攻撃を狙って妨害するツールとしても利用できる。その性質はまるで生きているかのようで、椿の癖を知っている人間には不思議とより扱いやすくなるようだ。,あなたが行なうガードのガード値に+3する。,,あなたが行なうガードのガード値にさらに+5する(通常効果と合わせて合計+8となる)。,,,,,,HR-スパイダージャケット,,,,,,,,4,25
IA-使徒の衣,IA,リレーションアイテム:アルフレッド・J・コードウェル,使徒の衣,アホスルノコロモ,リレーション/防具,−1,-1,−2,-1,9,9,,,,,35,35,アルフレッド・J・コードウェル,コードウェル博士の私兵集団である“使徒”の中でも選ばれた存在にだけ与えられるという白の上衣。勧誘の証でもあるため、“使徒”でなくても与えられた者はいる。着用者の思いを高め、強固な意志、欲望へと変える力を持つ。欲望とはすなわち、博士の探す何かを見つける力なのだ。,あなたが行なう〈意志〉〈RC〉判定の達成値に+2する。,,あなたが行なう〈意志〉〈RC〉判定の達成値にさらに+3する(通常効果と合わせて合計+5となる)。,,,,,,HR-使徒の衣,,,,,,,,4,35
IA-イプシロンジャケット,IA,リレーションアイテム:ヨハン・C・コードウェル,イプシロンジャケット,イフシロンシャケット,リレーション/防具,−1,-1,−1,-1,5,5,,,,,15,15,ヨハン・C・コードウェル,ヨハンが普段愛用している白のジャケット。彼が気に入った相手に贈ることがあるという。ヨハンが操る炎にも耐える特殊素材で作られている。オーダーメイドで作られたもので、手入れも行き届いていて着用者の愛着が伝わってくる。身につけると彼の燃えるような闘志が伝わってくる。,あなたが受ける(予定の)HPダメージを常に3点軽減する。,,マイナーアクションで使用する。あなたが受けているダイスを減らす効果をすべて打ち消す。この効果は1シナリオに1回まで使用できる。,,,,,,HR-イプシロンジャケット,,,,,,,,4,15
IA-鷺乃宮家特殊メイド服,IA,リレーションアイテム:鷺乃宮キョウ,鷺乃宮家特殊メイド服,サキノミヤケトクシュメイトフク,リレーション/防具,0,0,−1,0,7/20,20,,,,,20,20,鷺乃宮キョウ,鷺乃宮家の一部のメイドに渡される、特殊なメイド服。男性用に執事服も存在する。鷺乃宮家に仕える者の中でも、警護を担当するもののためのものである。もしあなたの前で誰かが傷つけば、それは鷺乃宮家の名に泥を塗ることにもなるだろう。,あなたがカバーリングを行なった場合、この防具の装甲値は/の右側としてダメージを算出する。,,あなたがカバーリングを行なった場合、その攻撃によってあなたはバッドステータスを受けない。,,,,,,HR-鷺乃宮家特殊メイド服,,,,,,,,4,20
IA-スィーパーパス,IA,リレーションアイテム:藤崎弦一,スィーパーパス,スィーハーハス,リレーション/防具,0,0,0,0,7,7,,,,,15,15,藤崎弦一、高崎隼人,藤崎弦一の部下であることを表わすユニフォームジャケット。本部からの増援であることを表わすために特別にあつらえられたもの。特殊縫製で編み込まれた部隊章は各国支部への移動、連携に関するパスの代用となる。ただし、あまりに無骨なデザインであるため、着用者からは不満も多い。また、改造しての着用は藤崎からの厳重注意の対象となる。藤崎直属のエージェントから支給されることもある。,あなたが行なう【社会】判定のダイスに+1個する。この効果は戦闘中は受けることができない。,,あなたが行なう【社会】判定のダイスにさらに+2個する(通常効果と合計で+3個となる)。この効果は戦闘中は受けることができない。,,,,,,,,,,,,,,4,15
IA-セクレタリーズスーツ,IA,リレーションアイテム:神城早月,セクレタリーズスーツ,セクレタリーススーツ,リレーション/防具,0,0,0,0,6,6,,,,,15,15,神城早月,会長付き秘書の身分であることを表わす特注スーツと社員証のセット。着用者は立場上は秘書となるが、実際は神城早月から直接指示を受けて活動するオーヴァードエージェントとなる。非常時以外の業務は特に指定がなく、秘書や護衛のように振る舞うものもいれば緊急時のみ招集されるものもいる。少数だが、それぞれが単独で事件を解決できる精鋭集団だと知られている。,取得時に技能をひとつ指定すること。指定した技能の判定の達成値に+2する。,,通常効果の判定の達成値にさらに+3する(つまり合計+5)。,,,,,,,,,,,,,,4,15
IA-友情の胴着,IA,リレーションアイテム:辰巳狛江,友情の胴着,ユウショウノトウキ,リレーション/防具,0,0,0,0,1,1,,,,,5,5,辰巳狛江,友情の証として半ば強引に渡された白地の胴着。通常の空手用ではなく、レネゲイド空手のために作られたものだという話だが、本当だろうか。狛江曰く、この胴着は血と汗と友情が染み込むことによって真価を発揮するという。,あなたが行なう素手を使用した白兵攻撃の攻撃力に+2する。,,通常効果を「素手を使用した白兵攻撃の攻撃力に+[あなたの〈白兵〉レベル]する(上限5)」に変更する。この効果はあなたの〈白兵〉が4レベル以上でなければ効果がない。,,,,,,,,IA-素手,,,,,,4,5
UA-アーキタイプ:武装防具,UA,エフェクトアイテム:神殺す刃専用アイテム,アーキタイプ:武装防具,アーキタイフフソウホウク,防具/アーキタイプ,0,0,0,0,[LV×2+6],,購入不可,,不可,,,,,《神殺す刃》によって生み出された全身の各所を保護するプロテクター状の防具。軽快な行動が可能かつ、拳の装甲は打撃用の武器にもなる。,素手の攻撃力を+[LV+5]に変更する。また素手は「種別:アーキタイプ」の武器として扱う。,,,,,,,,,UA-神殺す刃,IA-素手,,,,,,5,999
UA-アーキタイプ:重鎧,UA,エフェクトアイテム:神殺す刃専用アイテム,アーキタイプ:重鎧,アーキタイフシュウヨロイ,防具/アーキタイプ,−2,-2,−2,-2,[LV×3+8],,購入不可,,不可,,,,,《神殺す刃》によって生み出された全身を覆う鎧状のアーキタイプ。重く反応は鈍くなるが、着用者を保護する性能は非常に高い。,,,,,,,,,,UA-神殺す刃,,,,,,,5,999
UA-リングスーツ,UA,ユニークアイテム:グレイプニル,リングスーツ,リンクスーツ,防具,−2,-2,−4,-2,8,8,,,,,20,20,,両腕の袖がつながったいわゆる拘束衣の形状をした衣服。輪の形状がエフェクトを増幅するといわれている。,あなたが行なう【精神】を使用したグレイプニルのエフェクトを組み合わせた判定のダイスに+2個する。,,,,,,,,,,,,,,,,0,20
UA-上位者の衣,UA,ユニークアイテム:グレイプニル,上位者の衣,ショウイシャノコロモ,防具(補助),−1,-1,0,-1,6,6,,,,,25,25,,豪華な装飾が施された赤いマント。身につけている間、あなたの本来の力を増幅する作用がある。,あなたが使用する《オリジン:~~》のLVを+2して効果を算出できる。,,,,,,,,,EA-オリジン:アニマル EA-オリジン:コロニー EA-オリジン:サイバー EA-オリジン:ヒューマン EA-オリジン:プラント EA-オリジン:ミネラル EA-オリジン:レジェンド,,,,,,,1,25
