id,supplement,type,name,ruby,timing,skill,dfclty,target,rng,urge,flavor,effect,ref_faq_id,ref_info_id,update,other_ver_id,rel_elois_id,type_order,urge_order
上級-悪意の伝染,上級,一般,悪意の伝染,アクイノテンセン,オートアクション,—,自動成功,シーン,視界,—,あなたの抱く悪意や絶望、悲惨な記憶などを世界に投影するEロイス。そこはあなたによって現出した凄惨な光景に埋め尽くされ、並みの精神の持ち主では近寄ることすらおぼつかない。たとえ無理に耐えようとしても、その狂気に取り込まれ、遠からずジャームと成り果てるだろう。,いつでも使用できる。このEロイスが使用されると、以降そのシーンには誰も登場できなくなる。GMは望めば特定のキャラクターのみ登場可能としてもよく、また特定の条件を満たせばこの効果が解除できるとしてもよい。,,,LM,LM-悪意の伝染,,0,0
上級-悪夢の鏡像,上級,一般,悪夢の鏡像,アクムノキョウソウ,常時,—,自動成功,自身,至近,—,あなたがオリジナルから分離した分身であることを表わすEロイス。それは肉体の一部から分化したものであったり、精神が分裂した存在であったりとさまざまだ。あるいは、どちらが本体で分身なのか、もはやわからないのかもしれない。,このEロイスを持っているジャームは、誰かの分身となる。オリジナルと同じ外見を持っていても構わないし、違う外見となってもよい。シンドロームやエフェクトなどといったデータは自由に設定してよいが、オリジナルが持っていないデータを持つことはできない。このEロイスを持っているキャラクタ一は、他のEロイスを取得、使用できない。,,,LM,LM-悪夢の鏡像,,0,0
上級-ありえざる存在,上級,一般,ありえざる存在,アリエサルソンサイ,常時,—,自動成功,自身,至近,—,肥大化したエゴが、世界の理を超えてさらなる力をあなたに与えたことを表わすEロイス。それは本来なら発現しようはずのない規格外の力である。だが、通常のレネゲイドの常識は、あなたの前では意味をなさない。なぜならあなたは、既存の世界を悪意によって壊す存在に他ならないからだ。,取得時に、あなたが所持していないシンドロームから「制限:—」のエフェクトひとつを指定する。あなたは指定したエフェクトを任意のレベルで取得する。ただし、エフェクトに記載されている最大レベルを超えて取得することはできない。このEロイスを複数取得した場合、別々のエフェクトを指定できる。,,,LM,LM-ありえざる存在,PE-奈落の修羅,0,0
上級-傲慢な理想,上級,一般,傲慢な理想,コウマンナリソウ,オートアクション,—,自動成功,自身,至近,—,あなたが傲慢で身勝手な理想を肥大化させたジャームであることを表わすEロイス。その歪んだ理想を実現するために、あなたの力は際限なく膨れあがり、最終的には世界のすべてを塗り替えてしまうだろう。,他のEロイスと同時に使用する。その効果の対象を、範囲(選択)に変更する。ただし、「対象:自身」のものには使用できない。一度に複数回使用した場合、2回なら対象をシーン(選択)に、3回ならシーンの外も含む任意の大きさに拡大できる。ステージすべて、国すべてなど、どの程度の範囲に効果をおよぼすのかはGMが決定すること。,,,LM,LM-傲慢な理想,PE-奈落の修羅,0,0
上級-孤独の叫び,上級,一般,孤独の叫び,コトクノサケヒ,オートアクション,—,自動成功,単体,視界,—,あなたが常に、身も凍る孤独感に責め苛まれているジャームであることを表わすEロイス。ゆえに、あなたは自身の存在を他者に知らしめ、たとえ無理矢理にでもその心に刻みつけずにはいられない。それこそがあなたの歪んだ存在証明なのだ。,いつでも使用できる。対象はあなたに対するロイスを即座に取得する。この時、感情の内容をGMが任意に指定してもよい。対象が新たにロイスを取得できない場合は効果がない。ただし、このEロイスの使用を宣言されてから、対象が新たなロイスを取得してロイス枠を埋めることはできないものとする。,,,LM,LM-孤独の叫び,,0,0
上級-さらなる絶望,上級,一般,さらなる絶望,サラナルセツホウ,イニシアチブプロセス,—,自動成功,自身,至近,—,いずこからともなく、さらなる戦力をその場に出現させるEロイス。あなたが内に抱える殺意が形をとってあふれ出すのか、それともあなたの狂気が他のジャームを呼び寄せるのか、いずれにしてもその光景は、あなたに敵対する者にとって新たなる絶望となるだろう。,シーン内の任意の場所に、任意のエネミーを1体、未行動で登場させる。エネミーのデータはGMが決定すること。,,,LM,LM-さらなる絶望,PE-奈落の修羅,0,0
上級-衝動侵蝕,上級,一般,衝動侵蝕,ショウトウシンショク,オートアクション,—,自動成功,シーン(選択),視界,—,あなたが内に抱え込む、抑えきれないほどの狂気が、ワーディングを通して周囲に伝染することを表わすEロイス。あなたが足を運ぶところ、人々は正気を失い、凶暴な衝動の赴くままに行動するだろう。あなたは人の形をした災厄そのものだ。,取得時に、任意の衝動ひとつを選択すること。このEロイスを使用することで、対象に衝動判定をさせることができる。この判定に失敗した場合、対象が持つ衝動ではなく、Eロイス取得時に選択した衝動が発生する。その結果どのようなことが起きるかはGMが決定すること。,,,LM,LM-衝動侵蝕,,0,0
上級-堕落の誘い,上級,一般,堕落の誘い,タラクノイサナイ,オートアクション,—,自動成功,シーン(選択),視界,—,深い絶望と虚無に染まった思念の力によって、周囲のレネゲイドを異常活性化させるEロイス。もう戻れないというあなたの諦念が、人々を巻き添えに崩壊を加速させるのだ。,衝動判定が行なわれる直前に使用する。その衝動判定に失敗したキャラクターは、侵蝕率が99%以下の場合、即座に100%となる。衝動判定による侵蝕率の上昇はその後に行なうこと。これにより、非オーヴァードがオーヴァードに覚醒したり、エキストラが即座にジャーム化するとしてもよい。このEロイスはバックトラックと経験点の計算の際、ひとつにつき2個分のEロイスとして計算する。,,,LM,LM-堕落の誘い,,0,0
上級-不滅の妄執,上級,一般,不滅の妄執,フメツノモウシュウ,常時,—,自動成功,自身,至近,—,あなたが一度死に、強大なジャームとして蘇ったことを表わすEロイス。あなたにはそうまでしてでも果たさねばならない執着や願いが存在する。その理由を暴き、あなたを現世につなぎ止める妄執を断ち切らぬ限り、あなたが真の死を迎えることはない。,あなたが戦闘不能になった、もしくは死亡した際に自動的に効果を発揮する。戦闘不能、死亡を回復する。この時、シーンから退場してもよい。GMは任意にこのEロイスの効果を解除する条件を設定すること。その条件がクリアされた場合、以後このEロイスは効果を発揮しない。必ず特定の場所で復活する、回復までに時間がかかるなど、効果に関する条件を追加で設定してもよい。,,,LM,LM-不滅の妄執,,0,0
上級-唯我独尊,上級,一般,唯我独尊,ユイカトクソン,オートアクション,—,自動成功,自身,至近,—,傲慢極まる自信や、醜悪なまでのプライドを備えたジャームであることを表わすEロイス。自分には不可能などないという強固な信念が、時空の法則すらも歪め、さらなる悪意を現出させるのだ。,「タイミング:セットアッププロセス」または「タイミング:マイナーアクション」のエフェクトまたはEロイスを使用した直後に使用する。あなたはそのタイミングに使用するエフェクトまたはEロイスを、さらにもう1回使用できる。,,,LM,LM-唯我独尊,,0,0
上級-歪んだ囁き,上級,一般,歪んだ囁き,ユカンタササヤキ,オートアクション,—,自動成功,単体,視界,—,誤解や妄想を植えつけることで、他者の感情を思うがままに操り、ねじ曲げるEロイス。ジャームとなったあなたの歪んだ精神は、人々への嫉妬と悪意に満ちている。その力をもって人間の関係性を破壊し、それによって生まれる悲劇をあざ笑うことこそがあなたの望みなのだ。,いつでも使用できる。対象が取得しているロイスひとつの感情を、あなたの任意に書き換える。どちらの感情が表に出ているかも指定してよい。対象は即座に感情を書き換えること。感情を変化した結果、どのような影響が出るのかはGMが任意に決定してよい。なお、GMが任意に設定した条件をクリアすれば、再び感情を対象が再設定し直してもよいものとする。,,,LM,LM-歪んだ囁き,,0,0
上級-究極存在,上級,一般,究極存在,キュウキョクソンサイ,常時,—,自動成功,自身,至近,解放,あなたがレネゲイドの、ひいては生物としての限界そのものから解放されていることを表わすEロイス。何ものにも邪魔されず、縛られず、阻まれず、思うがままに生き続けたいという究極のエゴが、あなたを不滅の存在たらしめた。あなたは一にして全なる完全無欠の生命体であり、自身以外のあらゆる他者を必要となどしない。,あなたはあらゆるダメージを受けない。この効果が解除される条件はGMが任意に決定すること。ダメージに加えて、バッドステータス、老いや病気、飲食の必要性、慣性や重力といった物理法則からの束縛など、みずからが望まない任意の影響を受けないとしてもよい。どこまでがそれに該当するかはGMが決定する。,,,LM,LM-究極存在,,0,1
上級-愚者の契約,上級,一般,愚者の契約,クシャノケイヤク,オートアクション,—,自動成功,効果参照,効果参照,解放,こうありたい、苦悩から解き放たれたいという切なる願いが生んだ、あらゆる願望を実現するEロイス。しかし、代償として本人、そして世界が、恐るべき対価を支払うことになる。,いつでも使用できる。使用することで、他者があなたに願った願いをひとつ叶えることができる。あなた自身の願いを叶えることはできない。ただし、その実現には必ず代償が必要になる。願いがどのような形で叶えられるのか、代償が何になるのかはGMが決定する。人とオーヴァードの平和的共存を望んだ結果、オーヴァードでない者が次々死んでいくなど、本来の意図から歪められた形で願いが叶うことにしてもよい。また、本人が自覚しない代償が発生したり、代償を支払い続けない限り願いが実現しないなどとしてもよい。,,,LM,LM-愚者の契約,,0,1
上級-血の焦がれ,上級,一般,血の焦がれ,チノコカレ,セットアッププロセス,—,自動成功,シーン(選択),視界,吸血,あなたが世界そのものから命を吸い上げる災厄と化したことを表わすEロイス。あなたの飽くなき生存への欲求が、その場で動くものすべてから血と生命力をゆっくりと吸い取ってゆく。あなたの行くところ、花は枯れ、飛ぶ鳥は落ち、周囲は死と嘆きで満たされるだろう。他の生物、ひいては既存の世界を犠牲にしてでも、みずからの欲望を果たしたいと願う衝動によって発現したEロイスである。,このEロイスを宣言すると、対象は即座に2D点のHPを失う。このダイスはあなたが振ること。この効果で失われたHPの合計分、あなたのHPを回復する。この効果で戦闘不能のキャラクターが死亡することはない。,,,LM,LM-血の焦がれ,,0,2
上級-血の花嫁,上級,一般,血の花嫁,チノハナヨメ,メジャーアクション,—,自動成功,単体,至近,吸血,死者を蘇らせ、使用者の操り人形に変えるEロイス。相手の自由意思を奪ってでも共にありたいという歪んだエゴイズムが生んだEロイスである。,死亡している対象にのみ使用できる。対象の死亡を回復し、HPを完全に回復する。ただし対象は、オーヴァードであったかどうかにかかわらず、必ずジャーム化し、以後あなたに絶対服従となる。GMはこの効果を解除するための条件を任意に設定してもよい。ただし、このEロイスの効果を解除すると対象は必ず死亡する。また、生き返った対象の外見などは、死ぬ以前と一切変化がないとしてもよいし、特定の感情を喪失している、体温がないといっまた、不自然な部分があるとしてもよい。詳細はGMが決定する。,,,LM,LM-血の花嫁,,0,2
上級-飢えたる魂,上級,一般,飢えたる魂,ウエタルタマシイ,オートアクション,—,自動成功,単体,視界,飢餓,殺した相手から力を奪い、みずからの能力として取り込むEロイス。欲しいものは殺してでも奪い取るという飽くなき力への渇望が源となっており、逆説的に殺すことでしかその効果は発現しない。さらなる力を得るため、あなたは終わらぬ殺戮と強奪を繰り返すだろう。,あなたが対象を死亡させた時に使用する。対象の取得しているエフェクトひとつを選択すること。あなたはそのエフェクトを同じレベルで取得し、以後、永久的に使用できる。対応するシンドロームを所持していなかったり、ピュアブリード専用など取得に制限があるエフェクトでもそれを無視して取得できる。,,,LM,LM-飢えたる魂,,0,3
上級-餓えの淵,上級,一般,餓えの淵,ウエノフチ,メジャーアクション,—,自動成功,単体,至近,飢餓,他者を自身の内部に取り込み、吸収同化してパワーアップするEロイス。相手を文字通り喰らうことで、同一化を果たしたいという願望が発現したものである。,対象をあなたの体内に取り込む。取り込んでいる間、あなたが行なうあらゆる判定のダイスを+2個する。対象がエキストラ以外の場合、戦闘不能またはこの効果に同意していなければならない。取り込まれた対象はGMが特別に許可しない限り、あらゆる行動が行なえず、あらゆる効果の対象にならない。また、あなたが移動すると同時に同じ場所に移動する。GMは任意にこのEロイスの効果を解除する条件を作成してもよい。解除されずに使用者が死亡した場合、取り込まれた対象もまた死亡するとしてもよい。,,,LM,LM-餓えの淵,,0,3
上級-殺戮衝動,上級,一般,殺戮衝動,サツリクショウトウ,セットアッププロセス,—,自動成功,シーン,視界,殺戮,あなたによって打ち倒された者が、遠からず逃れ得ぬ死を迎えることを表わすEロイス。あなたは犠牲者を生かしたままにしておくような生易しい真似などしない。いや、手加減などしようにもできはしないのだ。向かうところすべてに死を振りまき、世界を無数の墓標で埋め尽くすことこそが、あなたの抑えがたき衝動なのだから。,そのシーンの間、クリンナッププロセスの時点で戦闘不能のキャラクターは自動的に死亡する。,,,LM,LM-殺戮衝動,,0,4
上級-惨劇の輪廻,上級,一般,惨劇の輪廻,サンケキノリンネ,イニシアチブプロセス,—,自動成功,自身,至近,殺戮,あなたの飽くなき殺戮への欲求が、他者を殺害せしめることで、さらなる凶行を生む力となることを表わすEロイス。ひとつの死がもたらす充足感は、しかし決してあなたの心に平穏を呼びはせず、次なる殺害衝動を燃え立たせる薪となる。終わりなき殺戮の宴を永遠に繰り返すことこそが、あなたの望む世界の姿なのだ。,シーン内の誰かが戦闘不能である場合のみ宣言できる。あなたはイニシアチブプロセスでメインプロセスを行なえる。このメインプロセスは行動済みでも行なえ、行なっても行動済みにならない。ただし、このメインプロセスでは、他のキャラクターに「とどめを刺す」以外の行動は行なえない。,,,LM,LM-惨劇の輪廻,,0,4
上級-砕け散る絆,上級,一般,砕け散る絆,クタケチルキスナ,メジャーアクション,—,自動成功,単体,視界,破壊,人と人との絆そのものを破壊するEロイス。ジャームとは本質的に他者との結び付きを持てない存在である。そんなあなたにとって、他者のそれなどただ目障りなだけの見世物に過ぎない。価値が見出せるとしたら、それを無惨に打ち砕いた時の快感だけだ。,対象が持っているロイスひとつを消去する。どのロイスが消去されるかはGMが決定すること。対象はロイス欄から指定されたロイスを消すこと。また、GMが任意に設定した条件を達成するまで同じ人物に対するロイスを再取得できず、他のロイスで空欄を埋めることもできない。ロイスが消去されたことによる影響はGMが決定すること(対象から、消去されたロイスに関する記憶が無くなるなど)。Dロイスを消去した場合、その効果を受けられないとしてもよい。,,,LM,LM-砕け散る絆,,0,5
上級-破壊神顕現,上級,一般,破壊神顕現,ハカイシンケンケン,メジャーアクション,—,自動成功,効果参照,視界,破壊,すべてを破壊したいと願うイメージを強大なる力へと変え、ありとあらゆるものを破壊するEロイス。あなたこそは思うがままに世界を砕き、その姿を変貌させる破壊神である。,建造物、地形、町、大陸、天体など、あなたが望むものひとつを完全に破壊する。破壊の規模が広範囲におよぶものでもよい。具体的な効果はGMが決定するが、この効果でキャラクターにダメージやバッドステータスを与えることはできない。また、外面はそのままで内部だけ破壊する、範囲内に存在する特定のものだけ破壊するなど、特殊な形で破壊が起こるものとしてもよいし、完全な破壊までにタイムリミットを設けてもよい。,,,LM,LM-破壊神顕現,,0,5
上級-加虐の宴,上級,一般,加虐の宴,カキャクノウタケ,メジャーアクション,—,自動成功,単体,至近,加虐,他者の肉体を変質させ、生きた爆弾へと変えてしまうEロイス。できる限りの痛みと苦しみ、そして凄惨な死をもたらしたいというドス黒い衝動が発現させた効果であり、あなたはこれによって目標だけでなく、その周囲の人々をも無差別に巻き込むことに躊躇がない。,そのシナリオ中に対象が戦闘不能になった場合、対象とエンゲージしているすべてのキャラクターに5D点のダメージを与える。この効果の後、対象は自動的に死亡する。あなたはこのダメージを受けない。あなたが死亡した場合、この効果は解除される。また、それ以外にも上記の効果を解除できる条件をGMが設定してもよい。,,,LM,LM-加虐の宴,,0,6
上級-絶対の枷,上級,一般,絶対の枷,セッタイノカセ,メジャーアクション,—,自動成功,単体,視界,加虐,相手の精神と肉体に強烈な負荷をかけ、絶対遵守の誓約を強制的に結ばせるEロイス。他者をその意に沿わない命令に無理矢理服従させたいという衝動が源となったものであり、それゆえに誓約を破れないのではなく、破ると死ぬという、より一層残酷な形で発現するのだ。,エキストラまたは非オーヴァードのみ対象にできる。「あなたを攻撃してはならない」「秘密を口外してはならない」など、対象にひとつ誓約を結ばせる。対象がその誓約を破った場合、即座に死亡する。どこまでが破ったことに該当するのかはGMが判断すること。この効果を解除する方法はGMが任意に決定する。この効果はそのシナリオの間持続する。,,,LM,LM-絶対の枷,,0,6
上級-定まりし殺意,上級,一般,定まりし殺意,サタマリシサツイ,オートアクション,—,自動成功,単体,視界,嫌悪,あなたへの思いを振り切った相手に、死をもって報復するという苛烈な意志を表わすEロイス。人があなたを拒絶するというなら、あなたもまた相手の全存在を、渾身の殺意をもって否定するまでだ。あなたを理解しない者、理解したつもりになった者、すべて平等にあなたには許せない。,対象が、あなたに対して取得したロイスをタイタスに変えた時に使用する。対象はそのメインプロセスの終了後、4D点のHPダメージを受ける。,,,LM,LM-定まりし殺意,,0,7
上級-否定の壁,上級,一般,否定の壁,ヒテイノカヘ,オートアクション,—,自動成功,単体,視界,嫌悪,妄念と呼べるほどに膨れあがった嫌悪の念によって、自身に向けられた強い感情を拒絶するEロイス。ジャームと化したあなたにとって、人とのつながりは触れたくも思い出したくもないものだ。そんなものが生み出すという力など、あなたには唾棄すべき茶番でしかない。,対象があなたへの攻撃に、タイタスを使用した時に使用する。その効果ひとつを打ち消す。打ち消せる効果はすなわち「クリティカル値を−1」「ダイスの数を+10個」「達成値を+1D」のいずれかとなる。このEロイスは、Sロイスをタイタスにしたものには効果を発揮しない。このEロイスはバックトラックと経験点の計算の際、ひとつにつき2個分のEロイスとして計算する。,,,LM,LM-否定の壁,,0,7
上級-殺戒現出,上級,一般,殺戒現出,サッカイケンシュツ,セットアッププロセス,〈意志〉,対決,シーン,視界闘争,闘争,その場の全員に闘争の衝動を植えつけ、暴力の支配する空間へと変容させてしまうEロイス。そこに平和的な解決などあろうはずもなく、ただひたすらに凄惨な命のやり取りだけが、唯一の共通言語となる。この力の源となったのは、闘争に至上の快楽を見出す飢えた精神そのものだ。……さあ、闘え！,対象の〈意志〉と対決を行なうこと。あなたが勝利したら、対象にバッドステータスの暴走を与え、そのラウンドの間、対象は攻撃以外のあらゆる判定のダイスが−3個される。あなたはこのEロイスの効果を受けない。,,,LM,LM-殺戒現出,PE-奈落の修羅,0,8
上級-修羅の世界,上級,一般,修羅の世界,シュラノセカイ,オートアクション,—,自動成功,自身,至近,闘争,あらゆる不利な状況を振り払い、再び全力をもって戦える状態へと舞い戻るEロイス。たとえ身体が砕け、魂がすり減ろうとも、あなたの凄絶な戦いに終わりの時は来ない。永遠の闘争、それこそがあなたの願いだからだ。,いつでも使用できる。バッドステータス、封鎖、ダイスや達成値へのペナルティ、エフェクトの効果など、あなたが受けている不利な効果をすべて打ち消す。どこまでが不利な効果に該当するかはGMが判断すること。このEロイスはあなたが戦闘不能でも使用でき、その場合はさらに戦闘不能を即座に回復し、HPを1点まで回復する。,,,LM,LM-修羅の世界,PE-奈落の修羅,0,8
上級-虚実崩壊,上級,一般,虚実崩壊,キョシツホウカイ,メジャーアクション,—,自動成功,効果参照,効果参照,妄想,あなたの妄想を具現化するEロイス。凝り固まった狂気と妄念が、虚実定かならぬ領域に達したその時、幻想と現実は境界を越える。あなたを止めない限り、世界の有り様は恐るべき崩壊の一途を辿るだろう。,あなたの妄想が実体化し、世界が大きく変化する。その結果何が起きるのかは、GMが決定すること。ステージ内で設定されているルールを変更してもよい。この効果はあなたが死亡するまで継続する。GMは任意にこのEロイスの効果を解除する条件を作成してもよい。,,,LM,LM-虚実崩壊,,0,9
上級-妄念の姿,上級,一般,妄念の姿,モウネンノスカタ,常時,—,自動成功,自身,至近,妄想,レネゲイドの力で肉体と精神を変容させ、理想とする自分へと姿を変えるEロイス。姿だけでなく、その能力までもが思うがままと化す。他者へのコンプレックスや嫉妬、自己嫌悪といった感情が、このEロイスの源となっていることが多く、他人の姿をそっくり模すこともある。,このEロイスの取得時に、あなたが所持していないシンドロームからエフェクトひとつを指定する。あなたは指定したエフェクトを任意のレベルで取得する。「制限:●●」のものやエネミーエフェクトも指定できる。ただし、エフェクトに記載されている最大レベルを超えて取得することはできない。またあなたの外見や年齢、性別、立ち振る舞いなどを、あなたの望む姿に変更する。GMは任意にこのEロイスの効果を解除する条件を作成してもよい。,,,LM,LM-妄念の姿,,0,9
上級-黒き歓び,上級,一般,黒き歓び,クロキヨロコヒ,常時,—,自動成功,自身,至近,自傷,傷を受けるごとにあなたのレネゲイドが活性化し、よりパワーアップすることを表わすEロイス。傷付き、苛まれ、血を流すことはあなたの本望だ。痛みと共に全身を包む黒い歓喜が、あなたにさらなる力を与え、さらなる地獄へ自身と、そして周囲をいざなうだろう。,あなたがダメージを受けるごとに効果を発揮する。そのシーン中にあなたが行なう、あらゆる判定の達成値に+2する。ひとつのダメージに対しては1回しか効果を発揮せず、この効果は重複する。,,,LM,LM-黒き歓び,,0,10
上級-自虐の刃,上級,一般,自虐の刃,シキャクノヤイハ,オートアクション,—,自動成功,シーン(選択),視界,自傷,強烈な自傷衝動を、他者にも伝染させるEロイス。みずからを消し去りたい、死んでしまいたいというあなたの衝動は、自身にとどまらず、世界そのものを巻き添えにするまでに肥大化した。その影響があらゆる生物の自壊機能、すなわち自殺衝動を強制的に喚起するのだ。あなたの望む死は、すべての生者を道連れにすることで初めて達成されるだろう。,衝動判定が行なわれる直前に使用する。その衝動判定に失敗したキャラクターは、バッドステータスの憎悪を受ける。憎悪の対象はそれぞれのキャラクター自身となる。,,,LM,LM-自虐の刃,,0,10
上級-怯えのまなざし,上級,一般,怯えのまなざし,オヒエノマナサシ,イニシアチブプロセス,—,自動成功,シーン(選択),視界,恐怖,あなたが世界や他人、あるいは自分自身に対して感じている絶望的な恐怖を、他者にまで伝搬させるEロイス。あなたを理解しようとする者は、あなたが見えているモノを見、聞こえているモノを聞いてしまう。それは精神を破壊するに足る圧倒的絶望であり、味わってしまった哀れな犠牲者を正気ではすまさないだろう。そう、あなたと同様に。,あなたに対するロイスを取得しているキャラクターしか対象にできない。対象にバッドステータスの暴走を与える。,,,LM,LM-怯えのまなざし,,0,11
上級-絶対拒絕,上級,一般,絶対拒絕,セッタイキョセツ,常時,—,自動成功,自身,至近,恐怖,あなたが他者を恐怖し、激しく拒絶する心の声が、周囲を物理的に侵蝕することを表わすEロイス。あなたに近づいた者は、肉体と精神を破壊され、異形の存在、すなわちあなたと同質のものへと成り果てるだろう。あるいはそれが、唯一あなたが恐怖せずに済む姿なのかもしれない。,あなたにエンゲージしたキャラクターは、即座に侵蝕率が1D10点上昇する。この侵蝕率上昇は一度離れて再びあなたにエンゲージした場合、再び効果を発揮する。また、これにより非オーヴァードがオーヴァードに覚醒したり、即座にジャーム化するとしてもよい。,,,LM,LM-絶対拒絕,,0,11
上級-怨念の一打,上級,一般,怨念の一打,オンネンノイチタ,オートアクション,—,自動成功,自身,至近,憎悪,怒りと憎悪の念によって、あなたを傷つけた相手に殺意を反射するEロイス。あなたの衝動の源泉は、あなたを傷つけ、拒もうとする周囲の世界に対しての飽くなき憎悪だ。あなたの存在を否定しようとする者を、あなたは決して許しはしない。たとえ諸共に道連れにしようとも、地獄に叩き込まずには済まさないだろう。,あなたがHPダメージを受けた直後に使用する。あなたにそれを与えたキャラクターに、あなたが受けたのと同じだけのHPダメージを与える。このダメージはあらゆる手段で軽減できない。,,,LM,LM-怨念の一打,,0,12
上級-憎しみの楔,上級,一般,憎しみの楔,ニクシミノクサヒ,オートアクション,—,自動成功,単体,視界,憎悪,妄執の域にまで凝り固まった憎悪の念を伝染させ、対象をその渦中に引きずり込むEロイス。あなたの発する悪意にあてられた者は、その狂気に一時的に取り込まれ、心のどこかが壊れてしまうのだ。ゆえに、あなたという怪物と戦おうとするものは、何かを犠牲にせずにはいられない。たとえ戦う理由が正しく気高いものであろうとも、憎悪の炎に身を焦がされ、ついにはあなたと同じ存在に成り果ててしまうだろう。,いつでも使用できる。対象が取得しているロイスひとつを選択し、タイタスに変える。タイタスに変化したことでどのような影響が出るのかはGMが任意に決定してよい。,,,LM,LM-憎しみの楔,,0,12
PE-混迷の謀略,PE,シナリオクラフト専用,混迷の謀略,コンメイノホウリャク,オートアクション,—,自動成功,シーン,至近,—,シナリオクラフトによって発生する事象が、あなたの謀略の一端であることを表わすEロイス。あなたの執念、エゴによって歪められた事象は解析困難で、あなたの尻尾をなかなか掴ませない。,シナリオクラフトプレイにおける、情報収集またはトラップ判定の直前に使用する。その難易度を+1D10する。さらに、PCの全員がその判定に失敗した場合、次のシーンでは必ずサプライズチャートを振らねばならないものとする。このEロイスはあなたがシーンに登場していなくても使用できる。,,,LM,LM-混迷の謀略,,1,0
PE-ファイトクラブ,PE,シナリオクラフト専用,ファイトクラブ,ファイトクラフ,常時,—,自動成功,自身,至近,—,あなたの自我がふたつ、あるいはそれ以上にわかれていることを表わすEロイス。あなたの表層は天使のように清らかだが、内面は闘争を好む修羅なのである。ただ、あなたはあなたの本質から目を背けているだけだ。,あなたは、人格の一部だけがジャーム化している特殊なジャームである。表層に現われているあなたは正常な人間関係を結び、ロイスを持つことができる。ルール的には、表層と内面はそれぞれ同時に登場できない別のNPCとして扱うこと。内面に相当する“あなた”が死亡した場合表層がどうなるのかについてはGMが決定せよ。何らかの手段によって分離できるとしてもよい。アドヴェントを発生させずにクライマックスに到達し、内面を倒せれば分離できるとするとよいだろう。,,,LM,LM-ファイトクラブ,,1,0
PE-目覚める魂,PE,シナリオクラフト専用,目覚める魂,メサメルタマシイ,常時,—,自動成功,効果参照,効果参照,解放,あなたの衝動が他者に伝播し、それによって人々の破壊衝動が強まることを表わすDロイス。あなたは衝動のままに生き、つまらない他人への配慮から“解放”されたその境遇を心から楽しんでおり、その境地を伝染させる力を持っている。その境地に至った人々は、他者への配慮を忘れていく。,シナリオクラフトプレイ中に登場するあなた自身を含むすべてのエネミーは、あらゆる攻撃のダメージに+1Dされる。また、そのセッションでは非オーヴァードのNPCは徐々に思いやりや配慮を忘れていく。具体的な効果や演出はGMが決定せよ。,,,LM,LM-目覚める魂,,1,1
PE-覚醒する世界,PE,シナリオクラフト専用,覚醒する世界,カクセイスルセカイ,常時,—,自動成功,効果参照,効果参照,解放,あなたがオーヴァードであることを喜び、その事実を隠蔽するつもりなどないことを表わすEロイス。あなたは解放された存在だ。少なくともあなた自身はそう思っている。社会の制約、他者とのつきあい、オーヴァードなど存在しないという建前。そんなものは、解放されたあなたにとって意味のないものだ。あなたの存在は、やがて日常そのものを破壊するだろう。,あなたがエンディングフェイズまで生存していた場合、そのステージに住むすべての非オーヴァードは、あなたの行動を通して、オーヴァードの存在を確信するに至る。その結果何が起きるかについては、GMが決定すること。また、その強固な確信によってあなたのHPは+30される。,,,LM,LM-覚醒する世界,,1,1
PE-深淵の抱擁,PE,シナリオクラフト専用,深淵の抱擁,シンエンノホウヨウ,オートアクション,—,自動成功,効果参照,効果参照,吸血,あなたが吸血行為によって、オーヴァードとしての力を擬似的に分け与えることができることを表わすEロイス。,このEロイスはあなたがシーンに登場していなくても使用できる。そのシーンに登場しているプレサージを指定し、そのキャラクターがあなたの吸血の呪いを受けているとすることができる。呪いを受けたキャラクターはクリムゾンビースト(『ルール2』P266)と同等の能力を持つものと見なされる。呪いによって与えられたエフェクトは擬似的なものであり、呪われたキャラクターの【HP】を0にすることで解除できる。その他、プレサージにどのような影響があるのかはGMが決定せよ。,,,LM,LM-深淵の抱擁,,1,2
PE-夜に咲く薔薇,PE,シナリオクラフト専用,夜に咲く薔薇,ヨルニサクハラ,常時,—,自動成功,自身,至近,吸血,ある聖典に曰く。血は生命そのものであると。また曰く、血によってのみ人の罪は許されると。あなたはいわば、血によって生命を得、また血によって人の束縛を脱ぎ捨てて咲き誇る赤い薔薇だ。どこかで戦いが起きるたび、あなたがその血を吸ってパワーアップすることを表わすEロイス。,シナリオクラフトプレイ中、エネミーとの戦闘が1ラウンド発生するごとに、あなたのHPの現在値および上限は+10される(最大100)。,,,LM,LM-夜に咲く薔薇,,1,2
PE-アバドンの顎,PE,シナリオクラフト専用,アバドンの顎,アハトンノアキト,常時,—,自動成功,自身,至近,飢餓,あなたがその飢えによって、世界から徐々にエネルギーを吸い上げていることを表わすEロイス。吸い上げる手段は、分身の群れなどによる直接的なものでもよいし、間接的に生命エネルギーを吸い上げている、などとしてもよい。,シナリオクラフトプレイ中、ハプニングチャートもしくはエネミーチャートをROCしたシーンの終了時に、シーンプレイヤーは1D点のHPを失う。このダイスはGMが振ること。この効果で失われたHPの合計分、あなたのHPの現在値および上限が増大する。,,,LM,LM-アバドンの顎,,1,3
PE-渇いた魂,PE,シナリオクラフト専用,渇いた魂,カワイタタマシイ,常時,—,自動成功,自身,至近,飢餓,あなたが通常のそれよりも遥かに強い飢餓感に苛まれていることを表わすEロイス。それが失ったものへの二度と得られぬ後悔なのか、決して手に入らない虚妄の理想への執着なのか。わかっていることは、それを満たしてくれるのが、いまだ人間にしがみつくダブルクロスとの戦いであるということだけ。,シナリオクラフトプレイにおいてあなたがクライマックスフェイズに発生させるダメージロールに+[ミドルフェイズのシーン数]する。,,,LM,LM-渇いた魂,,1,3
PE-流血のカスケード,PE,シナリオクラフト専用,流血のカスケード,リュウケツノカスケート,常時,—,自動成功,自身,至近,殺戮,殺しは、流水階段(カスケード)に似ている。それはとめどなく新しい血を求め続け、果てしなく流れ続けるものだ。ひとり殺せばまたひとり。殺戮の流水は止まることがない。あなたの殺戮衝動が伝染することで、事件解決が困難になることを表わすEロイス。あなたを追う者たちの戦いは別の血を戦いを呼び、それだけ事件解決を遅くする。,シナリオクラフトプレイにおいて、エネミーチャートによる戦闘が終了するたびに、現在のプライズポイントが1点減少する(最低1)。,,,LM,LM-流血のカスケード,,1,4
PE-屍の玉座,PE,シナリオクラフト専用,屍の玉座,シカハネノキョクサ,常時,—,自動成功,自身,至近,殺戮,殺せば殺すほど、屍の山を積み上げれば積み上げるほど、あなたの殺戮への衝動はさらに積み上がる。殺戮は魔性の美酒のようなものだ。飲んでも飲んでもあなたを満足させることはないが、しかしそのたびごとにあなたを酔わせていく。積み上げた屍があなたを強くすることを表わすEロイス。,シナリオクラフトプレイにおいてなたがキャラクターを死亡させた場合、そのシーン中にあなたが行なう攻撃のダメージに+1Dする。この効果は重複しない。加えて、あなたはキャラクターを戦闘不能にするたびに、2D点のHPを回復させることができる。こちらの効果は重複する。,,,LM,LM-屍の玉座,,1,4
PE-破壊の連鎖,PE,シナリオクラフト専用,破壊の連鎖,ハカイノレンサ,オートアクション,—,自動成功,自身,至近,破壊,破壊する。それは究極の自由だ。しがらみ、良心、善意、ためらい、優しさ。そんなものをすべて破壊したところに、あなたの持つ自由がある。そしてその破壊は、あなたの影響力のおよぶところ無限に連鎖し、破壊を続ける。あなたによってもたらされた破壊、すなわち戦闘があまりにも壮絶な破壊をもたらすために、そこから何かを得ることが困難であることを表わすEロイス。,シナリオクラフトプレイにおいて、戦闘が発生した瞬間に使用する。そのシーンでは戦闘の結果にかかわらずプライズポイントが得られない。このEロイスはあなたがシーンに登場していなくても使用できる。,,,LM,LM-破壊の連鎖,,1,5
PE-砕け散る蒼穹,PE,シナリオクラフト専用,砕け散る蒼穹,クタケチルソウキュウ,常時,—,自動成功,効果参照,効果参照,破壊,究極の破壊とは何だろう。それは、自己以外のまったき否定に他ならない。他者、都市、それどころか認識できる世界のすべて。ダークマターさえ残らぬ完全な無こそ、あなたが欲する究極の破壊だ。あなたが破壊を求め、それによって万物を破壊する力を備えていることを表わすEロイス。,シナリオクラフトプレイにおいて、あなたがエンディングフェイズまで生存していた場合、そのステージは消滅する。詳細はGMが決定すること。また、その強固な破壊衝動によって、あなたが行なう攻撃のダメージに常に+1Dする。,,,LM,LM-砕け散る蒼穹,,1,5
PE-サディズム幻想,PE,シナリオクラフト専用,サディズム幻想,サティスムケンソウ,常時,—,自動成功,効果参照,効果参照,加虐,戦いを通して人はわかり合える、とわけしり顔に言う者がいる。そんなものは幻想だ。加虐を通して伝えられるのはただ、悪意と苦痛でしかない。だがそれであなたには十分だ。あなたが伝えたいこと、わからせたいことはそれしかないのだから。あなたの加虐衝動が他者に伝染することを表わすEロイス。,シナリオクラフトプレイにおいて白兵攻撃もしくは射撃攻撃を行なったすべてのキャラクターは、そのたびに侵蝕率を1点上昇させる。ただし、この効果は1シーンに1回しか適用されない。この効果によって、非オーヴァードがオーヴァードに覚醒することもありえる。詳しくはGMが決定せよ。,,,LM,LM-サディズム幻想,,1,6
PE-血飛沫の結末,PE,シナリオクラフト専用,血飛沫の結末,チシフキノケツマツ,オートアクション,—,自動成功,効果参照,効果参照,加虐,あなたが恐怖と加虐によって、直接的、あるいは間接的に人々を操っていることを表わすEロイス。あなたの際限のない加虐は人々を恐怖させ、その恐怖こそが平穏を乱す力となるのだ。そして恐怖に突き動かされた人々がさらなる暴力によって血飛沫を上げる時、あなたの心は悦楽に満たされる。,シナリオクラフトプレイにおいて、イベントチャートを振った直後に使用する。そのチャートの効果に加えて、エネミーチャートを振り、戦闘を発生させる。もともとエネミーチャートを振るように指示されていた場合、エネミーチャートを2回振って両方の効果を適用する。この効果で登場したエネミーが行なう攻撃のダメージに+1Dする。このEロイスはあなたがシーンに登場していなくても使用できる。,,,LM,LM-血飛沫の結末,,1,6
PE-おぞましき認識,PE,シナリオクラフト専用,おぞましき認識,オソマシキニンシキ,オートアクション,—,自動成功,効果参照,効果参照,嫌悪,あなたは世界のすべてを嫌悪している。他の人にとって何でもない微笑ましい日常や日々の語らい、それどころかあなたの部下がUGNを襲撃するその作戦すら、本質的には嫌悪の対象なのだ。その嫌悪が識域下のエフェクトや未知の作用となって、世界を悪い方向へと導くことを表わすEロイス。,シナリオクラフトプレイにおいて、イベントチャートを決定した後に使用する。そのイベントの内容はそのままに、トラップイベントだったことにすることができる。この効果によって発生したトラップの解除難易度は+1Dされる。このダイスはあなたが振ること。このEロイスはあなたがシーンに登場していなくても使用できる。,,,LM,LM-おぞましき認識,,1,7
PE-万物嫌悪,PE,シナリオクラフト専用,万物嫌悪,ハンフツケンオ,オートアクション,—,自動成功,効果参照,効果参照,嫌悪,あなたの他者を嫌悪する感情が、そのまま世界に広がっていき、さらなる不和の種を蒔くことを表わすEロイス。嫌悪された者はその不快感を無意識に他人にまき散らし、他人の小さな行動をまた嫌悪する。そしてその連鎖の醜さを見て、あなたはやはり人間というのは好意を抱くに値しないのだと考える。,シナリオクラフトプレイにおいて、イベントチャートを振る直前に使用する。そのイベントを、[ヒロインがシーンプレイヤーに嫌悪感をあらわにする]に変更する。これはトラップとして扱い、解除難易度は+1Dされる。具体的なイベントの内容そのものは、一般的なシリオクラフトのイベント同様にGMとプレイヤーが話し合って決定すること。このEロイスはあなたがシーンに登場していなくても使用できる。,,,LM,LM-万物嫌悪,,1,7
PE-永劫闘争,PE,シナリオクラフト専用,永劫闘争,エイコウトウソウ,セットアッププロセス,—,自動成功,効果参照,効果参照,闘争,戦いとは、あなたにとって永遠に続くべきものである。開戦とか休戦とかいうものは、その戦いの中の準備期間に過ぎず、大きなレベルで見れば永劫の闘争の一局面に過ぎない。あなたの闘争本能が伝播し、PCに敵意を燃やす者が増えることを表わすEロイス。,シナリオクラフトプレイ中のセットアッププロセスに使用する。そのシーン中、クリンナッププロセスのたびにGMはエネミーチャートをROCし、指定されたエネミーがPCの敵対者として登場する。登場の理由は通常のシナリオクラフトプレイ同様、GMとプレイヤーが話し合って決定すること。このEロイスはあなたがシーンに登場していなくても使用できる。,,,LM,LM-永劫闘争,,1,8
PE-奈落の修羅,PE,シナリオクラフト専用,奈落の修羅,ナラクノシュラ,オートアクション,—,自動成功,自身,至近,闘争,あなたが闘争のことだけを考え、それだけを心に念じることによって、戦場に特化した能力を得たことを表わすEロイス。あなたは闘争そのものが具現化したいわば修羅であり、そしてそのことに何ら疑問を抱かない。,シナリオクラフトプレイにおけるクライマックスフェイズの開始時に使用する。あなたは、《ありえざる存在》、《傲慢な理想》、《さらなる絶望》、《殺戒現出》、《修羅の世界》のうちからひとつを選択して使用できるようになる。追加されたEロイスは経験点の計算に通常のEロイスとして加算される。,,,LM,LM-奈落の修羅,上級-ありえざる存在 上級-傲慢な理想 上級-さらなる絶望 上級-殺戒現出 上級-修羅の世界,1,8
PE-歪んだ理想,PE,シナリオクラフト専用,歪んだ理想,ユカンタリソウ,オートアクション,—,自動成功,効果参照,効果参照,妄想,あなたの歪んだ理想が世界そのものを狂わせ、人々の考えにさえ作用することを表わすEロイス。あなたの妄想はあまりにも確固としたものであるため、やがて人々の本来の自我さえ歪めていく。,シナリオクラフトプレイにおいて、ハプニングチャートを振った直後に使用する。チャートの効果に加え、生存しているすべてのプレサージの「夢と理想」を新たにROCする。これは演出的には、あなた(BOSS)の影響によって人格が少しずつ変化していることを表わすが、GMとプレイヤーの合意が得られたなら、それ以外の演出を行なってもよい。もちろんROCであるから、変化させないことを選択してもよい。このEロイスはあなたがシーンに登場していなくても使用できる。,,,LM,LM-歪んだ理想,,1,9
PE-本質的虛構,PE,シナリオクラフト専用,本質的虛構,ホンシツテキキョウ,オートアクション,—,自動成功,効果参照,効果参照,妄想,あなたの妄想が他者に伝染することを表わすEロイス。それはもしかしたら世界というものの、一面の皮肉を切り取ったものなのかもしれないが、同じ妄想を共有できないものにとっては悪夢に他ならない。,シナリオクラフトプレイにおいてイベントチャートを振る直前に使用する。そのイベントの内容を[シーンプレイヤーが悪夢を見る]に変更する。悪夢の内容は、デウスエキス・マキナチャートをROCして決定すること。これはトラップとして扱い、解除難易度は+1Dされる。このEロイスはあなたがシーンに登場していなくても使用できる。,,,LM,LM-本質的虛構,,1,9
PE-聖痕陶醉,PE,シナリオクラフト専用,聖痕陶醉,セイコントウスイ,オートアクション,—,自動成功,効果参照,効果参照,自傷,あなたが傷つくたび、あなたはみずからの痛みに陶酔する。そのことがあなたをさらに強くするEロイス。あなたが人を傷つけるのは、自分を傷つけて欲しいからだ。あなたはそうすることでしか他人とふれあえない。,シナリオクラフトプレイにおいて、あなたがHPダメージを受けた回数と同じだけ、あなたはあらゆる判定にダイスボーナスを得る(最大10個)。GMが認めるならば、あなたがミドルフェイズで受けたケガや病気などを、HPダメージを受けた回数に数えてもよい。,,,LM,LM-聖痕陶醉,,1,10
PE-死神のいざない,PE,シナリオクラフト専用,死神のいざない,シニカミノイサナイ,オートアクション,—,自動成功,効果参照,効果参照,自傷,死。それはあなたにとって甘美な眠りのようなものだ。オーヴァードであるがゆえになまじなことで死ぬことができないあなたは、強く死に引きつけられている。そして、その安らぎに憧れるあなたの心が脆弱な只人の心を引き裂くことを表わすEロイス。,シナリオクラフトプレイにおいて、イベントチャートを振る直前に使用する。そのイベントを、[ヒロインが衝動的に自殺を試みる]に変更する。これはトラップとして扱い、解除難易度は+1D10される。具体的なイベントの内容そのものは、一般的なシナリオクラフトのイベント同様にGMとプレイヤーが話し合って決定すること。判定に失敗した場合ヒロインがどうなるかはGMが決定せよ。このEロイスはあなたがシーンに登場していなくても使用できる。,,,LM,LM-死神のいざない,,1,10
PE-未知なる姿,PE,シナリオクラフト専用,未知なる姿,ミチナルスカタ,オートアクション,—,自動成功,効果参照,効果参照,恐怖,あなたが他者を恐怖するがゆえに、みずからの肉体や精神、時には記憶さえもレネゲイドによって変貌させることができるようになったことを表わすEロイス。あなたは自身の身体的特徴や性別、記憶、価値観などを変化させることができる。動物や植物になってもよいが、データ的な差異はないものとする。,シナリオクラフトプレイにおいて使用した場合、トリガーイベントで明かされるあなたの正体が、それまでの姿と違っても構わないものとする。実は登場していた複数のNPCがすべてあなただった、としてもよい。また、プレサージチャートを新しく振って、本当のあなたの外見や内面を決定し直しても構わない。最終的にはGMが決定せよ。,,,LM,LM-未知なる姿,,1,11
PE-宇宙的恐怖,PE,シナリオクラフト専用,宇宙的恐怖,ウチュウテキキョウフ,オートアクション,—,自動成功,効果参照,効果参照,恐怖,あなたの抱く世界への際限なき恐怖が幻像として世界に投影され、人々に目撃されることでさらなる恐怖をまき散らすことを表わすEロイス。,シナリオクラフトプレイにおいて、イベントチャートを振る直前に使用する。そのイベントを、[宇宙的恐怖の幻影が出現する]に変更する。これはトラップとして扱い、解除難易度は+1D10される。具体的なイベントの内容そのものは、一般的なシナリオクラフトのイベント同様にGMとプレイヤーが話し合って決定すること。このEロイスはあなたがシーンに登場していなくても使用できる。,,,LM,LM-宇宙的恐怖,,1,11
PE-憎しみの連鎖,PE,シナリオクラフト専用,憎しみの連鎖,ニクシミノレンサ,常時,—,自動成功,自身,至近,憎悪,あなたの抱く怒りと憎悪が伝染し、必要のない復讐や、闇雲な戦線拡大を巻き起こすことを表わすEロイス。あなたの我欲によって始まった戦いは、やがてあなたの周囲を巻き込み、悲しみと憎しみばかりを広げていく。,シナリオクラフトプレイのクライマックスフェイズにおいて、あなたと同一エンゲージにジャーム:クラスター(『ルール2』P264)を[エネミーチャートをROCした回数]だけ出現する。出現するエネミーをGMの判断で変更してもよい。,,,LM,LM-憎しみの連鎖,,1,12
PE-黒き業炎,PE,シナリオクラフト専用,黒き業炎,クロキコウエン,オートアクション,—,自動成功,効果参照,効果参照,憎悪,あなたの持つ妄執と憎悪の連鎖が、巡り巡って他者をもその憎悪に巻き込むことを表わすEロイス。憎悪の業炎はあなたを焼き尽くすばかりでなく、他人をもその贄にせずにはおかない。,シナリオクラフトプレイにおいて、イベントチャートを振る直前に使用する。そのイベントを、[NPCが憎悪によってPCに刃を向ける]に変更する。これはトラップとして扱い、解除難易度は+1D10される。登場するNPCはプレサージから選択してもよいし、NPCチャートやランダムNPCチャートを参照してもよい。このEロイスはあなたが登場していなくても使用できる。,,,LM,LM-黒き業炎,,1,12
LM-悪意の伝染,LM,一般,悪意の伝染,アクイノテンセン,オートアクション,—,自動成功,シーン,視界,—,あなたの抱く悪意や絶望、悲惨な記憶などを世界に投影するEロイス。そこはあなたによって現出した凄惨な光景に埋め尽くされ、並みの精神の持ち主では近寄ることすらおぼつかない。たとえ無理に耐えようとしても、その狂気に取り込まれ、遠からずジャームと成り果てるだろう。,いつでも使用できる。このEロイスが使用されると、以降そのシーンには誰も登場できなくなる。GMは望めば特定のキャラクターのみ登場可能としてもよく、また特定の条件を満たせばこの効果が解除できるとしてもよい。,,,,上級-悪意の伝染,,0,0
LM-悪夢の鏡像,LM,一般,悪夢の鏡像,アクムノキョウソウ,常時,—,自動成功,自身,至近,—,あなたがオリジナルから分離した分身であることを表わすEロイス。それは肉体の一部から分化したものであったり、精神が分裂した存在であったりとさまざまだ。あるいは、どちらが本体で分身なのか、もはやわからないのかもしれない。,このEロイスを持っているジャームは、誰かの分身となる。オリジナルと同じ外見を持っていても構わないし、違う外見となってもよい。シンドロームやエフェクトなどといったデータは自由に設定してよいが、オリジナルが持っていないデータを持つことはできない。このEロイスを持っているキャラクタ一は、他のEロイスを取得、使用できない。,,,,上級-悪夢の鏡像,LM-変異する悪夢,0,0
LM-ありえざる存在,LM,一般,ありえざる存在,アリエサルソンサイ,常時,—,自動成功,自身,至近,—,肥大化したエゴが、世界の理を超えてさらなる力をあなたに与えたことを表わすEロイス。それは本来なら発現しようはずのない規格外の力である。だが、通常のレネゲイドの常識は、あなたの前では意味をなさない。なぜならあなたは、既存の世界を悪意によって壊す存在に他ならないからだ。,取得時に、あなたが所持していないシンドロームから「制限:—」のエフェクトひとつを指定する。あなたは指定したエフェクトを任意のレベルで取得する。ただし、エフェクトに記載されている最大レベルを超えて取得することはできない。このEロイスを複数取得した場合、別々のエフェクトを指定できる。,,,,上級-ありえざる存在,LM-奈落の修羅,0,0
LM-傲慢な理想,LM,一般,傲慢な理想,コウマンナリソウ,オートアクション,—,自動成功,自身,至近,—,あなたが傲慢で身勝手な理想を肥大化させたジャームであることを表わすEロイス。その歪んだ理想を実現するために、あなたの力は際限なく膨れあがり、最終的には世界のすべてを塗り替えてしまうだろう。,他のEロイスと同時に使用する。その効果の対象を、範囲(選択)に変更する。ただし、「対象:自身」のものには使用できない。一度に複数回使用した場合、2回なら対象をシーン(選択)に、3回ならシーンの外も含む任意の大きさに拡大できる。ステージすべて、国すべてなど、どの程度の範囲に効果をおよぼすのかはGMが決定すること。,,,,上級-傲慢な理想,LM-奈落の修羅,0,0
LM-孤独の叫び,LM,一般,孤独の叫び,コトクノサケヒ,オートアクション,—,自動成功,単体,視界,—,あなたが常に、身も凍る孤独感に責め苛まれているジャームであることを表わすEロイス。ゆえに、あなたは自身の存在を他者に知らしめ、たとえ無理矢理にでもその心に刻みつけずにはいられない。それこそがあなたの歪んだ存在証明なのだ。,いつでも使用できる。対象はあなたに対するロイスを即座に取得する。この時、感情の内容をGMが任意に指定してもよい。対象が新たにロイスを取得できない場合は効果がない。ただし、このEロイスの使用を宣言されてから、対象が新たなロイスを取得してロイス枠を埋めることはできないものとする。,,,,上級-孤独の叫び,,0,0
LM-さらなる絶望,LM,一般,さらなる絶望,サラナルセツホウ,イニシアチブプロセス,—,自動成功,自身,至近,—,いずこからともなく、さらなる戦力をその場に出現させるEロイス。あなたが内に抱える殺意が形をとってあふれ出すのか、それともあなたの狂気が他のジャームを呼び寄せるのか、いずれにしてもその光景は、あなたに敵対する者にとって新たなる絶望となるだろう。,シーン内の任意の場所に、任意のエネミーを1体、未行動で登場させる。エネミーのデータはGMが決定すること。,,,,上級-さらなる絶望,LM-永劫の奴隷 LM-奈落の修羅,0,0
LM-囚人の鳥籠,LM,一般,囚人の鳥籠,シュウシンノトリカコ,オートアクション,—,自動成功,単体,視界,—,望む対象を連れ去り、どこへも逃がさぬよう監禁するEロイス。あなたの不滅の執着心は形となり、お気に入りの人間を絶対の檻の中に捕らえる。捕らわれた相手は、自分の意志でその場を出ることはできなくなり、ただあなたの傍に控えるようになるのだ。,いつでも使用できる。シーン内に登場している任意のキャラクターひとりを選択し、そのキャラクターを連れ去り退場させることができる。連れ去られたキャラクターは以降、あなたが望むシーン以外には登場を行なうことができなくなり、また会いに行くこともできなくなる。GMは任意に、特定の情報を入手する、Eロイスを使用したジャームを倒すことなどの、この効果を解除する方法を設定することができる。また、この効果の対象にPCを選択することはできない。,,,,,,0,0
LM-衝動侵蝕,LM,一般,衝動侵蝕,ショウトウシンショク,オートアクション,—,自動成功,シーン(選択),視界,—,あなたが内に抱え込む、抑えきれないほどの狂気が、ワーディングを通して周囲に伝染することを表わすEロイス。あなたが足を運ぶところ、人々は正気を失い、凶暴な衝動の赴くままに行動するだろう。あなたは人の形をした災厄そのものだ。,取得時に、任意の衝動ひとつを選択すること。このEロイスを使用することで、対象に衝動判定をさせることができる。この判定に失敗した場合、対象が持つ衝動ではなく、Eロイス取得時に選択した衝動が発生する。その結果どのようなことが起きるかはGMが決定すること。,,,,上級-衝動侵蝕,,0,0
LM-堕落の誘い,LM,一般,堕落の誘い,タラクノイサナイ,オートアクション,—,自動成功,シーン(選択),視界,—,深い絶望と虚無に染まった思念の力によって、周囲のレネゲイドを異常活性化させるEロイス。もう戻れないというあなたの諦念が、人々を巻き添えに崩壊を加速させるのだ。,衝動判定が行なわれる直前に使用する。その衝動判定に失敗したキャラクターは、侵蝕率が99%以下の場合、即座に100%となる。衝動判定による侵蝕率の上昇はその後に行なうこと。これにより、非オーヴァードがオーヴァードに覚醒したり、エキストラが即座にジャーム化するとしてもよい。このEロイスはバックトラックと経験点の計算の際、ひとつにつき2個分のEロイスとして計算する。,,,,上級-堕落の誘い,,0,0
LM-不滅の妄執,LM,一般,不滅の妄執,フメツノモウシュウ,常時,—,自動成功,自身,至近,—,あなたが一度死に、強大なジャームとして蘇ったことを表わすEロイス。あなたにはそうまでしてでも果たさねばならない執着や願いが存在する。その理由を暴き、あなたを現世につなぎ止める妄執を断ち切らぬ限り、あなたが真の死を迎えることはない。,あなたが戦闘不能になった、もしくは死亡した際に自動的に効果を発揮する。戦闘不能、死亡を回復する。この時、シーンから退場してもよい。GMは任意にこのEロイスの効果を解除する条件を設定すること。その条件がクリアされた場合、以後このEロイスは効果を発揮しない。必ず特定の場所で復活する、回復までに時間がかかるなど、効果に関する条件を追加で設定してもよい。,,,,上級-不滅の妄執,,0,0
LM-唯我独尊,LM,一般,唯我独尊,ユイカトクソン,オートアクション,—,自動成功,自身,至近,—,傲慢極まる自信や、醜悪なまでのプライドを備えたジャームであることを表わすEロイス。自分には不可能などないという強固な信念が、時空の法則すらも歪め、さらなる悪意を現出させるのだ。,「タイミング:セットアッププロセス」または「タイミング:マイナーアクション」のエフェクトまたはEロイスを使用した直後に使用する。あなたはそのタイミングに使用するエフェクトまたはEロイスを、さらにもう1回使用できる。,,,,上級-唯我独尊,,0,0
LM-歪んだ囁き,LM,一般,歪んだ囁き,ユカンタササヤキ,オートアクション,—,自動成功,単体,視界,—,誤解や妄想を植えつけることで、他者の感情を思うがままに操り、ねじ曲げるEロイス。ジャームとなったあなたの歪んだ精神は、人々への嫉妬と悪意に満ちている。その力をもって人間の関係性を破壊し、それによって生まれる悲劇をあざ笑うことこそがあなたの望みなのだ。,いつでも使用できる。対象が取得しているロイスひとつの感情を、あなたの任意に書き換える。どちらの感情が表に出ているかも指定してよい。対象は即座に感情を書き換えること。感情を変化した結果、どのような影響が出るのかはGMが任意に決定してよい。なお、GMが任意に設定した条件をクリアすれば、再び感情を対象が再設定し直してもよいものとする。,,,,上級-歪んだ囁き,,0,0
LM-予告された終焉,LM,一般,予告された終焉,ヨクサレタシュウエン,オートアクション,—,自動成功,単体,視界,—,あなたが撃ち込んだ滅びの因子や、絶対的な運命などによって対象を逃れ得ぬ死が襲うEロイス。あなたは滅びの体現者であり、その死の宣告に誤りはない。あなたはみずからの手で破滅をもたらすのかもしれないし、運命にさえ干渉して対象を殺すことができるのかもしれない。,いつでも使用できる。対象はエンディングフェイズになった際に必ず死亡する。体内に埋め込まれた病魔に倒れる、どこからともなく銃弾が飛んでくる、どこにいようとも事故が起きるなど演出はGMが決定すること。この効果は《予告された終焉》を使用したジャームを倒すことで解除できる。GMは任意に別の解除方法を設定してもよい。,,,,,,0,0
LM-混迷の謀略,LM,シナリオクラフト専用,混迷の謀略,コンメイノホウリャク,オートアクション,—,自動成功,シーン,至近,—,シナリオクラフトによって発生する事象が、あなたの謀略の一端であることを表わすEロイス。あなたの執念、エゴによって歪められた事象は解析困難で、あなたの尻尾をなかなか掴ませない。,シナリオクラフトプレイにおける、情報収集またはトラップ判定の直前に使用する。その難易度を+1D10する。さらに、PCの全員がその判定に失敗した場合、次のシーンでは必ずサプライズチャートを振らねばならないものとする。このEロイスはあなたがシーンに登場していなくても使用できる。,,,,PE-混迷の謀略,,1,0
LM-ファイトクラブ,LM,シナリオクラフト専用,ファイトクラブ,ファイトクラフ,常時,—,自動成功,自身,至近,—,あなたの自我がふたつ、あるいはそれ以上にわかれていることを表わすEロイス。あなたの表層は天使のように清らかだが、内面は闘争を好む修羅なのである。ただ、あなたはあなたの本質から目を背けているだけだ。,あなたは、人格の一部だけがジャーム化している特殊なジャームである。表層に現われているあなたは正常な人間関係を結び、ロイスを持つことができる。ルール的には、表層と内面はそれぞれ同時に登場できない別のNPCとして扱うこと。内面に相当する“あなた”が死亡した場合表層がどうなるのかについてはGMが決定せよ。何らかの手段によって分離できるとしてもよい。アドヴェントを発生させずにクライマックスに到達し、内面を倒せれば分離できるとするとよいだろう。,,,,PE-ファイトクラブ,,1,0
LM-無限を継ぐ者,LM,一般,無限を継ぐ者,ムケンヲツクモノ,メジャーアクション,—,効果参照,単体,視界,—,あなたが、自身の意識と記憶の保存に執着していることを表わすEロイス。あなたは死を恐れており、他者の肉体を新たな器として乗り換えることで、永遠に存在し続けようとしている。,このEロイスの使用後、GMが設定した特定の条件が満たされると、あなたの人格は対象のキャラクターの肉体へと転移する。対象となったキャラクターの人格は基本的に消滅するが、部分的に残る、融合して一体化するなどとしてもよい。なお、効果が発揮されるための条件には、「対象のキャラクターがロイスをすべて失う」「膨大な数の人命を消費する」「特定の日時・場所において魔術儀式を行なう」「賢者の石を用いて人格転移装置を起動させる」などといった、いずれも難易度の高い手順を踏むものでなくてはならない。,,,,,,0,0
LM-尽きせぬカ,LM,一般,尽きせぬカ,ツキセヌチカラ,オートアクション,—,自動成功,単体,視界,—,使い果たしたはずの力を、ほとばしる狂気とケタ外れの欲望を原動力にして、再び使用可能にするEロイス。,いつでも使用できる。あなた、またはあなたの視界内に存在するジャームが取得しているEロイスの中からひとつを選択すること。未使用/使用済みのいずれであっても構わない。そのEロイスの使用可能回数が、ただちに1回増加する。このEロイスはエフェクト、アイテム、Dロイス、Eロイスを含むあらゆる効果によっても対象を単体以外に変えることはできない。,,,,,,0,0
LM-永劫の奴隷,LM,一般,永劫の奴隷,エイコウノトレイ,オートアクション,—,自動成功,効果参照,視界,—,あなたが操る手駒の心身を支配し、死ぬことすら許さずに使い潰すヒロイス。,このEロイスは、《さらなる絶望》と同時に使用する必要がある。あなたの《さらなる絶望》で登場したエネミーは、そのラウンドの間、HPが0になっても戦闘不能になることはなく、また、即座に戦闘不能にするようなエフェクトの影響を受けることもない。HPが0であっても通常どおり行動できるのだ。一度HPが0になったエネミーは、そのラウンドのクリンナッププロセスに死亡する。ただしクリンナッププロセスまでにHPを1以上に回復させている場合、死亡にも戦闘不能にもならない。,,,,,LM-さらなる絶望,0,0
LM-原初の恐怖,LM,一般,原初の恐怖,ケンショノキョウフ,オートアクション,—,自動成功,シーン(選択),視界,—,視界内のオーヴァードに覚醒したときの記憶を呼び起こさせ、精神的に多大な負荷をかけるEロイス。あなたは、人が心の奥底に秘めた忌まわしい記憶を切開し、摘出してさらけ出させることに喜びを感じる。,衝動判定の際に使用することで、その衝動判定で上昇する侵蝕率を通常の2D10から変更させることができる。各キャラクターは1Dを振り、その出目に、さらに各々の“覚醒”で決定した侵蝕値を加えた値が、上昇する侵蝕率の点数となる。たとえば、1Dの出目が6で、そのキャラクターの“覚醒”が“破壊(侵蝕値:16)”だった場合、6+16=22が上昇する侵蝕率の点数となる。,,,,,,0,0
LM-破滅の足音,LM,一般,破滅の足音,ハメツノアシオト,セットアッププロセス,—,自動成功,シーン(選択),視界,—,あなたの煮えたぎる妄執が、人を死へと導くほどに強烈であることを示すEロイス。あなたの狂気は、生命体を構成する体細胞すらも発狂させる。恒常性を失った肉体は、程なくして死に至る。,このEロイスが使用された場合、GMは1Dを振り、その出目に1を加えること。対象となったキャラクターは、このEロイスが使用されたラウンドから、先ほどのダイスロールの結果に等しいラウンド後のクリンナッププロセスに、自動的に戦闘不能となる(HPは0になる)。なお、決定されたラウンド数が経過するよりも先にあなたが一度でも戦闘不能になった場合、このEロイスの効果は解除される。,,,,,,0,0
LM-楔の呪い,LM,一般,楔の呪い,クサヒノノロイ,セットアッププロセス,—,自動成功,シーン(選択),視界,—,あなたにとって、心に抱いた“想い”は絶対であり、他者が“想い”を捨て去ることも認めないという歪んだ決意を表わすEロイス。その押しつけがましさ、傲慢さは、他者の心に楔のように深く突き刺さり、想いを昇華することを不可能にさせるだろう。,このEロイスが使用されたラウンドの間、対象はタイタスを「戦闘不能状態から回復する」以外の効果を受けるためにタイタスを昇華することはできない。このEロイスはバックトラックと経験点の計算の際、ひとつにつき2個分のEロイスとして計算する。,,,,,,0,0
LM-超越活性,LM,一般,超越活性,チョウエツカッセイ,常時,—,自動成功,自身,至近,—,あなたの執念がレネゲイドウィルスにまで作用し、その働きを強化していることを表わすEロイス。このEロイスを持つ者は、レネゲイドウィルスに秘められたパワーを限界以上に引き出すことができる。,このEロイスを取得した際に、あなたが取得しているエフェクトをひとつ指定すること。そのエフェクトのレベルは+2される。このとき、レベル上限を超えてもよい。このEロイスを複数取得して同一のエフェクトを指定した場合、効果は累積する。,,,,,,0,0
LM-変異する悪夢,LM,一般,変異する悪夢,ヘンイスルアクム,常時,—,自動成功,自身,至近,—,あなたがオリジナルから分離し、そしてオリジナルとは異なる力を身につけるに至ったことを表わすEロイス。あなたはもはや鏡像ではない。よく似てはいるが、独自の人格を持った存在なのだ。,あなたが《悪夢の鏡像》を取得している場合にのみ、このEロイスを取得できるものとする。あなたは、オリジナルとは異なるデータを持つことができる。あなたは、オリジナルが望むと望まざるとにかかわらず、独自の能力を持つことができるのだ。なお、このEロイスを取得することにより、あなたは他のEロイスを取得することも可能となる。,,,,,LM-悪夢の鏡像,0,0
LM-究極存在,LM,一般,究極存在,キュウキョクソンサイ,常時,—,自動成功,自身,至近,解放,あなたがレネゲイドの、ひいては生物としての限界そのものから解放されていることを表わすEロイス。何ものにも邪魔されず、縛られず、阻まれず、思うがままに生き続けたいという究極のエゴが、あなたを不滅の存在たらしめた。あなたは一にして全なる完全無欠の生命体であり、自身以外のあらゆる他者を必要となどしない。,あなたはあらゆるダメージを受けない。この効果が解除される条件はGMが任意に決定すること。ダメージに加えて、バッドステータス、老いや病気、飲食の必要性、慣性や重力といった物理法則からの束縛など、みずからが望まない任意の影響を受けないとしてもよい。どこまでがそれに該当するかはGMが決定する。,,,,上級-究極存在,,0,1
LM-愚者の契約,LM,一般,愚者の契約,クシャノケイヤク,オートアクション,—,自動成功,効果参照,効果参照,解放,こうありたい、苦悩から解き放たれたいという切なる願いが生んだ、あらゆる願望を実現するEロイス。しかし、代償として本人、そして世界が、恐るべき対価を支払うことになる。,いつでも使用できる。使用することで、他者があなたに願った願いをひとつ叶えることができる。あなた自身の願いを叶えることはできない。ただし、その実現には必ず代償が必要になる。願いがどのような形で叶えられるのか、代償が何になるのかはGMが決定する。人とオーヴァードの平和的共存を望んだ結果、オーヴァードでない者が次々死んでいくなど、本来の意図から歪められた形で願いが叶うことにしてもよい。また、本人が自覚しない代償が発生したり、代償を支払い続けない限り願いが実現しないなどとしてもよい。,,,,上級-愚者の契約,,0,1
LM-目覚める魂,LM,シナリオクラフト専用,目覚める魂,メサメルタマシイ,常時,—,自動成功,効果参照,効果参照,解放,あなたの衝動が他者に伝播し、それによって人々の破壊衝動が強まることを表わすDロイス。あなたは衝動のままに生き、つまらない他人への配慮から“解放”されたその境遇を心から楽しんでおり、その境地を伝染させる力を持っている。その境地に至った人々は、他者への配慮を忘れていく。,シナリオクラフトプレイ中に登場するあなた自身を含むすべてのエネミーは、あらゆる攻撃のダメージに+1Dされる。また、そのセッションでは非オーヴァードのNPCは徐々に思いやりや配慮を忘れていく。具体的な効果や演出はGMが決定せよ。,,,,PE-目覚める魂,,1,1
LM-覚醒する世界,LM,シナリオクラフト専用,覚醒する世界,カクセイスルセカイ,常時,—,自動成功,効果参照,効果参照,解放,あなたがオーヴァードであることを喜び、その事実を隠蔽するつもりなどないことを表わすEロイス。あなたは解放された存在だ。少なくともあなた自身はそう思っている。社会の制約、他者とのつきあい、オーヴァードなど存在しないという建前。そんなものは、解放されたあなたにとって意味のないものだ。あなたの存在は、やがて日常そのものを破壊するだろう。,あなたがエンディングフェイズまで生存していた場合、そのステージに住むすべての非オーヴァードは、あなたの行動を通して、オーヴァードの存在を確信するに至る。その結果何が起きるかについては、GMが決定すること。また、その強固な確信によってあなたのHPは+30される。,,,,PE-覚醒する世界,,1,1
LM-超越者の戯れ,LM,一般,超越者の戯れ,チョウエツシャノタワムレ,オートアクション,—,自動成功,単体,視界,解放,他者の心の奥底に潜む凶暴な衝動を引きずり出し、具体的な力として発現させるEロイス。超越者たるあなたは、“力”を渇望する人間たちに、大いなる救いをもたらすことができるだろう。それは世界に酷い災いをもたらすが、あなたにとっては瑣末な出来事に過ぎない。,いつでも使用できる。このEロイスの使用には対象の同意が必要である。対象となったキャラクターは、その衝動に対応する任意のEロイスをひとつ、即座に取得する。ロイス枠は、対象のものを使用する。なお、対象がジャームでなかった場合、対象は即座にジャーム化する。このEロイスによって与えたEロイスは、あなたに影響を与えることはない。また、あなたは与えたEロイスの効果をいつでも解除することができる。,,,,,,0,1
LM-孤高の超人,LM,一般,孤高の超人,ココウノチョウシン,セットアッププロセス,—,自動成功,効果参照,視界,解放,あなたが、己こそ全宇宙において最高最強唯一絶対の存在であるという誇りを抱いていることを表わすEロイス。あなたの誇りは異様なまでに肥大化しており、他者が自分と同じレネゲイドウィルスの力を使うことに抑えがたい怒りを抱いている。,このEロイスが使用されたラウンドの間、シーンに登場しているあなた以外のキャラクターは、侵蝕率によるダイス数およびエフェクトレベルへのボーナスを得ることができなくなる。,,,,,,0,1
LM-血の焦がれ,LM,一般,血の焦がれ,チノコカレ,セットアッププロセス,—,自動成功,シーン(選択),視界,吸血,あなたが世界そのものから命を吸い上げる災厄と化したことを表わすEロイス。あなたの飽くなき生存への欲求が、その場で動くものすべてから血と生命力をゆっくりと吸い取ってゆく。あなたの行くところ、花は枯れ、飛ぶ鳥は落ち、周囲は死と嘆きで満たされるだろう。他の生物、ひいては既存の世界を犠牲にしてでも、みずからの欲望を果たしたいと願う衝動によって発現したEロイスである。,このEロイスを宣言すると、対象は即座に2D点のHPを失う。このダイスはあなたが振ること。この効果で失われたHPの合計分、あなたのHPを回復する。この効果で戦闘不能のキャラクターが死亡することはない。,,,,上級-血の焦がれ,,0,2
LM-血の花嫁,LM,一般,血の花嫁,チノハナヨメ,メジャーアクション,—,自動成功,単体,至近,吸血,死者を蘇らせ、使用者の操り人形に変えるEロイス。相手の自由意思を奪ってでも共にありたいという歪んだエゴイズムが生んだEロイスである。,死亡している対象にのみ使用できる。対象の死亡を回復し、HPを完全に回復する。ただし対象は、オーヴァードであったかどうかにかかわらず、必ずジャーム化し、以後あなたに絶対服従となる。GMはこの効果を解除するための条件を任意に設定してもよい。ただし、このEロイスの効果を解除すると対象は必ず死亡する。また、生き返った対象の外見などは、死ぬ以前と一切変化がないとしてもよいし、特定の感情を喪失している、体温がないといっまた、不自然な部分があるとしてもよい。詳細はGMが決定する。,,,,上級-血の花嫁,,0,2
LM-深淵の抱擁,LM,シナリオクラフト専用,深淵の抱擁,シンエンノホウヨウ,オートアクション,—,自動成功,効果参照,効果参照,吸血,あなたが吸血行為によって、オーヴァードとしての力を擬似的に分け与えることができることを表わすEロイス。,このEロイスはあなたがシーンに登場していなくても使用できる。そのシーンに登場しているプレサージを指定し、そのキャラクターがあなたの吸血の呪いを受けているとすることができる。呪いを受けたキャラクターはクリムゾンビースト(『ルール2』P266)と同等の能力を持つものと見なされる。呪いによって与えられたエフェクトは擬似的なものであり、呪われたキャラクターの【HP】を0にすることで解除できる。その他、プレサージにどのような影響があるのかはGMが決定せよ。,,,,PE-深淵の抱擁,,1,2
LM-夜に咲く薔薇,LM,シナリオクラフト専用,夜に咲く薔薇,ヨルニサクハラ,常時,—,自動成功,自身,至近,吸血,ある聖典に曰く。血は生命そのものであると。また曰く、血によってのみ人の罪は許されると。あなたはいわば、血によって生命を得、また血によって人の束縛を脱ぎ捨てて咲き誇る赤い薔薇だ。どこかで戦いが起きるたび、あなたがその血を吸ってパワーアップすることを表わすEロイス。,シナリオクラフトプレイ中、エネミーとの戦闘が1ラウンド発生するごとに、あなたのHPの現在値および上限は+10される(最大100)。,,,,PE-夜に咲く薔薇,,1,2
LM-戦闘血界,LM,一般,戦闘血界,セントウケッカイ,セットアッププロセス,—,自動成功,シーン(選択),視界,吸血,己の血を注ぎ込み、他者のカを増強するEロイス。あなたの血液は、あなた自身がそうであるように凶暴で、荒々しく、力にあふれ、そして救いようがないほどに狂い果てている。,このEロイスを使用する際、あなたは任意の点数のHPを消費すること。このとき消費したHP5点(端数切り捨て)につき、対象が行なうあらゆる判定の達成値に常に+2のボーナスを与える。消費できるHPは50点を上限とし、ボーナスの最大値は+20となる。この効果は、そのシーンが終了するまで持続する。,,,,,,0,2
LM-屍鬼の呪い,LM,一般,屍鬼の呪い,シキノノロイ,セットアッププロセス,〈意志〉,対決,シーン(選択),視界,吸血,あなたが持つ狂おしいほどの血への渇望で、他者の精神を蝕むEロイス。その吸血衝動は、対象の心をかき乱し、精妙な身体操作や、緻密な思考を不可能にさせる。心弱き者の中には、直接的な吸血行為に走ってしまう者がいるかもしれない。,対象と〈意志〉による対決を行なうこと。あなたが勝利したら、対象はバッドステータスの重圧を受ける。一度使用すると、このEロイスは毎ラウンドのセットアッププロセスの最初に自動的に効果を発揮する。その都度、〈意志〉による対決を行なうこと。シーンが終了すると、このEロイスの効果も終了する。,,,,,,0,2
LM-飢えたる魂,LM,一般,飢えたる魂,ウエタルタマシイ,オートアクション,—,自動成功,単体,視界,飢餓,殺した相手から力を奪い、みずからの能力として取り込むEロイス。欲しいものは殺してでも奪い取るという飽くなき力への渇望が源となっており、逆説的に殺すことでしかその効果は発現しない。さらなる力を得るため、あなたは終わらぬ殺戮と強奪を繰り返すだろう。,あなたが対象を死亡させた時に使用する。対象の取得しているエフェクトひとつを選択すること。あなたはそのエフェクトを同じレベルで取得し、以後、永久的に使用できる。対応するシンドロームを所持していなかったり、ピュアブリード専用など取得に制限があるエフェクトでもそれを無視して取得できる。,,,,上級-飢えたる魂,,0,3
LM-餓えの淵,LM,一般,餓えの淵,ウエノフチ,メジャーアクション,—,自動成功,単体,至近,飢餓,他者を自身の内部に取り込み、吸収同化してパワーアップするEロイス。相手を文字通り喰らうことで、同一化を果たしたいという願望が発現したものである。,対象をあなたの体内に取り込む。取り込んでいる間、あなたが行なうあらゆる判定のダイスを+2個する。対象がエキストラ以外の場合、戦闘不能またはこの効果に同意していなければならない。取り込まれた対象はGMが特別に許可しない限り、あらゆる行動が行なえず、あらゆる効果の対象にならない。また、あなたが移動すると同時に同じ場所に移動する。GMは任意にこのEロイスの効果を解除する条件を作成してもよい。解除されずに使用者が死亡した場合、取り込まれた対象もまた死亡するとしてもよい。,,,,上級-餓えの淵,,0,3
LM-アバドンの顎,LM,シナリオクラフト専用,アバドンの顎,アハトンノアキト,常時,—,自動成功,自身,至近,飢餓,あなたがその飢えによって、世界から徐々にエネルギーを吸い上げていることを表わすEロイス。吸い上げる手段は、分身の群れなどによる直接的なものでもよいし、間接的に生命エネルギーを吸い上げている、などとしてもよい。,シナリオクラフトプレイ中、ハプニングチャートもしくはエネミーチャートをROCしたシーンの終了時に、シーンプレイヤーは1D点のHPを失う。このダイスはGMが振ること。この効果で失われたHPの合計分、あなたのHPの現在値および上限が増大する。,,,,PE-アバドンの顎,,1,3
LM-渇いた魂,LM,シナリオクラフト専用,渇いた魂,カワイタタマシイ,常時,—,自動成功,自身,至近,飢餓,あなたが通常のそれよりも遥かに強い飢餓感に苛まれていることを表わすEロイス。それが失ったものへの二度と得られぬ後悔なのか、決して手に入らない虚妄の理想への執着なのか。わかっていることは、それを満たしてくれるのが、いまだ人間にしがみつくダブルクロスとの戦いであるということだけ。,シナリオクラフトプレイにおいてあなたがクライマックスフェイズに発生させるダメージロールに+[ミドルフェイズのシーン数]する。,,,,PE-渇いた魂,,1,3
LM-暴食の胃袋,LM,一般,暴食の胃袋,ホウショクノイフクロ,オートアクション,—,自動成功,効果参照,視界,飢餓,世界そのものを喰い、己の内部へと取り込むEロイス。あなたは、己よりも巨大な物や空間すらも喰らうことができる。,このEロイスが使用されると、あなたの体内がシーンの舞台となる。周囲の様相は一変してもよいし、表向き、目に見える風景は変わらないものとしてもよい。いずれにせよ、そこはあなたの胃袋、あるいはあなたの精神世界の片隅なのだ。なお、使用された時点でシーンは一度切り替わってもよいし、そのまま持続してもよい。シーンに登場している、あなたを除くキャラクターは、あなたに対する攻撃の判定ダイスが常に2個減少する。また、各ラウンドのクリンナッププロセスに1D点のHPダメージを受ける。あなたが一度でも戦闘不能になると、このEロイスは解除される。,,,,,,0,3
LM-餓鬼の晩餐,LM,一般,餓鬼の晩餐,カキノハンサン,常時,—,自動成功,自身,至近,飢餓,あなたが体内に取り込んだ対象を効率的に消化し、その生命エネルギを己のものとして蓄えるためのEロイス。あなたにとって、あらゆる知的生命は、自身の飢えを満たす食料であり、捕食行動のためのエネルギー源でしかない。,Eロイス《飢えの淵》の効果に、「あなたの最大HPと現在HPに+50する」という一文を追加する。複数の《飢えの淵》を使用した場合、効果は累積する。,,,,,LM-飢えの淵,0,3
LM-殺戮衝動,LM,一般,殺戮衝動,サツリクショウトウ,セットアッププロセス,—,自動成功,シーン,視界,殺戮,あなたによって打ち倒された者が、遠からず逃れ得ぬ死を迎えることを表わすEロイス。あなたは犠牲者を生かしたままにしておくような生易しい真似などしない。いや、手加減などしようにもできはしないのだ。向かうところすべてに死を振りまき、世界を無数の墓標で埋め尽くすことこそが、あなたの抑えがたき衝動なのだから。,そのシーンの間、クリンナッププロセスの時点で戦闘不能のキャラクターは自動的に死亡する。,,,,上級-殺戮衝動,,0,4
LM-惨劇の輪廻,LM,一般,惨劇の輪廻,サンケキノリンネ,イニシアチブプロセス,—,自動成功,自身,至近,殺戮,あなたの飽くなき殺戮への欲求が、他者を殺害せしめることで、さらなる凶行を生む力となることを表わすEロイス。ひとつの死がもたらす充足感は、しかし決してあなたの心に平穏を呼びはせず、次なる殺害衝動を燃え立たせる薪となる。終わりなき殺戮の宴を永遠に繰り返すことこそが、あなたの望む世界の姿なのだ。,シーン内の誰かが戦闘不能である場合のみ宣言できる。あなたはイニシアチブプロセスでメインプロセスを行なえる。このメインプロセスは行動済みでも行なえ、行なっても行動済みにならない。ただし、このメインプロセスでは、他のキャラクターに「とどめを刺す」以外の行動は行なえない。,,,,上級-惨劇の輪廻,,0,4
LM-流血のカスケード,LM,シナリオクラフト専用,流血のカスケード,リュウケツノカスケート,常時,—,自動成功,自身,至近,殺戮,殺しは、流水階段(カスケード)に似ている。それはとめどなく新しい血を求め続け、果てしなく流れ続けるものだ。ひとり殺せばまたひとり。殺戮の流水は止まることがない。あなたの殺戮衝動が伝染することで、事件解決が困難になることを表わすEロイス。あなたを追う者たちの戦いは別の血を戦いを呼び、それだけ事件解決を遅くする。,シナリオクラフトプレイにおいて、エネミーチャートによる戦闘が終了するたびに、現在のプライズポイントが1点減少する(最低1)。,,,,PE-流血のカスケード,,1,4
LM-屍の玉座,LM,シナリオクラフト専用,屍の玉座,シカハネノキョクサ,常時,—,自動成功,自身,至近,殺戮,殺せば殺すほど、屍の山を積み上げれば積み上げるほど、あなたの殺戮への衝動はさらに積み上がる。殺戮は魔性の美酒のようなものだ。飲んでも飲んでもあなたを満足させることはないが、しかしそのたびごとにあなたを酔わせていく。積み上げた屍があなたを強くすることを表わすEロイス。,シナリオクラフトプレイにおいてなたがキャラクターを死亡させた場合、そのシーン中にあなたが行なう攻撃のダメージに+1Dする。この効果は重複しない。加えて、あなたはキャラクターを戦闘不能にするたびに、2D点のHPを回復させることができる。こちらの効果は重複する。,,,,PE-屍の玉座,,1,4
LM-虐殺機関,LM,一般,虐殺機関,キャクサツキカン,メジャーアクション,—,自動成功,効果参照,視界,殺戮,人々を殺戮衝動に駆り立て、共同体ひとつを抹殺するEロイス。,このEロイスを使用するとき、共同体をひとつ指定すること。それは「N市」や「UGN」といった組織から、「某Z国」のように国家でも構わない。対象となった共同体は、そのシナリオのエンディングフェイズで壊滅する(実行するのは「軍の特殊部隊」や「とある覇権国家」など、GMの任意)。このEロイスの対象となるのは組織や都市といった巨大なくくりであり、特定の個人を狙って殺害することはできない。PCは巻き込まれたとしても直接的な被害は受けず、GMはNPCの“生き残り”を自由に決めてよい。あなたが戦闘不能になった、あるいはGMが設定した条件を満たした場合、このEロイスの効果は自動的に解除される。,,,,,,0,4
LM-殺刃圈,LM,一般,殺刃圈,サツシンケン,セットアッププロセス,—,自動成功,効果参照,視界,殺戮,あなたの内に渦巻く殺意を解放し、生あるものを討ち滅ぼす結界を構築するEロイス。この刃は無慈悲、かつ無差別であり、あなたの意よりも早く反応して生命体を殺傷する。あなたが赴く先には、何もかもが死に絶えた荒野だけが広がるだろう。,このEロイスが使用されると、以後クリンナッププロセスごとに、あなた以外のそのシーンに登場しているキャラクターは2D点のHPダメージを受ける。なお、このダメージでとどめを刺すことはできないものとする。この効果はシーン終了まで持続する。,,,,,,0,4
LM-砕け散る絆,LM,一般,砕け散る絆,クタケチルキスナ,メジャーアクション,—,自動成功,単体,視界,破壊,人と人との絆そのものを破壊するEロイス。ジャームとは本質的に他者との結び付きを持てない存在である。そんなあなたにとって、他者のそれなどただ目障りなだけの見世物に過ぎない。価値が見出せるとしたら、それを無惨に打ち砕いた時の快感だけだ。,対象が持っているロイスひとつを消去する。どのロイスが消去されるかはGMが決定すること。対象はロイス欄から指定されたロイスを消すこと。また、GMが任意に設定した条件を達成するまで同じ人物に対するロイスを再取得できず、他のロイスで空欄を埋めることもできない。ロイスが消去されたことによる影響はGMが決定すること(対象から、消去されたロイスに関する記憶が無くなるなど)。Dロイスを消去した場合、その効果を受けられないとしてもよい。,,,,上級-砕け散る絆,,0,5
LM-破壊神顕現,LM,一般,破壊神顕現,ハカイシンケンケン,メジャーアクション,—,自動成功,効果参照,視界,破壊,すべてを破壊したいと願うイメージを強大なる力へと変え、ありとあらゆるものを破壊するEロイス。あなたこそは思うがままに世界を砕き、その姿を変貌させる破壊神である。,建造物、地形、町、大陸、天体など、あなたが望むものひとつを完全に破壊する。破壊の規模が広範囲におよぶものでもよい。具体的な効果はGMが決定するが、この効果でキャラクターにダメージやバッドステータスを与えることはできない。また、外面はそのままで内部だけ破壊する、範囲内に存在する特定のものだけ破壊するなど、特殊な形で破壊が起こるものとしてもよいし、完全な破壊までにタイムリミットを設けてもよい。,,,,上級-破壊神顕現,,0,5
LM-破壊の連鎖,LM,シナリオクラフト専用,破壊の連鎖,ハカイノレンサ,オートアクション,—,自動成功,自身,至近,破壊,破壊する。それは究極の自由だ。しがらみ、良心、善意、ためらい、優しさ。そんなものをすべて破壊したところに、あなたの持つ自由がある。そしてその破壊は、あなたの影響力のおよぶところ無限に連鎖し、破壊を続ける。あなたによってもたらされた破壊、すなわち戦闘があまりにも壮絶な破壊をもたらすために、そこから何かを得ることが困難であることを表わすEロイス。,シナリオクラフトプレイにおいて、戦闘が発生した瞬間に使用する。そのシーンでは戦闘の結果にかかわらずプライズポイントが得られない。このEロイスはあなたがシーンに登場していなくても使用できる。,,,,PE-破壊の連鎖,,1,5
LM-砕け散る蒼穹,LM,シナリオクラフト専用,砕け散る蒼穹,クタケチルソウキュウ,常時,—,自動成功,効果参照,効果参照,破壊,究極の破壊とは何だろう。それは、自己以外のまったき否定に他ならない。他者、都市、それどころか認識できる世界のすべて。ダークマターさえ残らぬ完全な無こそ、あなたが欲する究極の破壊だ。あなたが破壊を求め、それによって万物を破壊する力を備えていることを表わすEロイス。,シナリオクラフトプレイにおいて、あなたがエンディングフェイズまで生存していた場合、そのステージは消滅する。詳細はGMが決定すること。また、その強固な破壊衝動によって、あなたが行なう攻撃のダメージに常に+1Dする。,,,,PE-砕け散る蒼穹,,1,5
LM-悪意の爆発,LM,一般,悪意の爆発,アクイノハクハツ,オートアクション,—,自動成功,シーン,視界,破壊,心に秘めた破壊衝動を、己の死と共に解放し、大規模な破壊を引き起こすEロイス。,あなたが戦闘不能になった際に使用する。そのシーンに登場しているキャラクターすべてに3D点のHPダメージを与える。このダメージに対して、ガード以外のリアクションはできない。カバーリングは可能であるものとする。エキストラは、カバーリングされない限り、自動的に死亡する。このEロイスを使用すると、あなたは即座に死亡する。複数の《悪意の爆発》を取得していた場合、そのすべてが同時に起動する。ダメージロールは一括して行なうこと。たとえば、3個の《悪意の爆発》が使用された場合、9D点のダメージロールを行ない、その結果を全員に適用する。,,,,,,0,5
LM-システムダウン,LM,一般,システムダウン,システムタウン,セットアッププロセス,〈意志〉,対決,シーン(選択),視界,破壊,レネゲイドウィルスの働きすらも、あなたの妄執によって一時的に作用を狂わせ破壊するEロイス。あなたの破壊の意志と力には、レネゲイドウィルスすらも恐怖することだろう。,このEロイスを使用する際、タイミングをひとつ指定し、対象と〈意志〉による対決を行なうこと。敗北した対象は、そのラウンドの間、指定したタイミングのエフェクトは一切使用することができなくなる。ただし、「タイミング:常時」と「タイミング:メジャーアクション」を指定することはできない。この効果はタイタスを昇華することで解除できる。,,,,,,0,5
LM-加虐の宴,LM,一般,加虐の宴,カキャクノウタケ,メジャーアクション,—,自動成功,単体,至近,加虐,他者の肉体を変質させ、生きた爆弾へと変えてしまうEロイス。できる限りの痛みと苦しみ、そして凄惨な死をもたらしたいというドス黒い衝動が発現させた効果であり、あなたはこれによって目標だけでなく、その周囲の人々をも無差別に巻き込むことに躊躇がない。,そのシナリオ中に対象が戦闘不能になった場合、対象とエンゲージしているすべてのキャラクターに5D点のダメージを与える。この効果の後、対象は自動的に死亡する。あなたはこのダメージを受けない。あなたが死亡した場合、この効果は解除される。また、それ以外にも上記の効果を解除できる条件をGMが設定してもよい。,,,,上級-加虐の宴,,0,6
LM-絶対の枷,LM,一般,絶対の枷,セッタイノカセ,メジャーアクション,—,自動成功,単体,視界,加虐,相手の精神と肉体に強烈な負荷をかけ、絶対遵守の誓約を強制的に結ばせるEロイス。他者をその意に沿わない命令に無理矢理服従させたいという衝動が源となったものであり、それゆえに誓約を破れないのではなく、破ると死ぬという、より一層残酷な形で発現するのだ。,エキストラまたは非オーヴァードのみ対象にできる。「あなたを攻撃してはならない」「秘密を口外してはならない」など、対象にひとつ誓約を結ばせる。対象がその誓約を破った場合、即座に死亡する。どこまでが破ったことに該当するのかはGMが判断すること。この効果を解除する方法はGMが任意に決定する。この効果はそのシナリオの間持続する。,,,,上級-絶対の枷,,0,6
LM-サディズム幻想,LM,シナリオクラフト専用,サディズム幻想,サティスムケンソウ,常時,—,自動成功,効果参照,効果参照,加虐,戦いを通して人はわかり合える、とわけしり顔に言う者がいる。そんなものは幻想だ。加虐を通して伝えられるのはただ、悪意と苦痛でしかない。だがそれであなたには十分だ。あなたが伝えたいこと、わからせたいことはそれしかないのだから。あなたの加虐衝動が他者に伝染することを表わすEロイス。,シナリオクラフトプレイにおいて白兵攻撃もしくは射撃攻撃を行なったすべてのキャラクターは、そのたびに侵蝕率を1点上昇させる。ただし、この効果は1シーンに1回しか適用されない。この効果によって、非オーヴァードがオーヴァードに覚醒することもありえる。詳しくはGMが決定せよ。,,,,PE-サディズム幻想,,1,6
LM-血飛沫の結末,LM,シナリオクラフト専用,血飛沫の結末,チシフキノケツマツ,オートアクション,—,自動成功,効果参照,効果参照,加虐,あなたが恐怖と加虐によって、直接的、あるいは間接的に人々を操っていることを表わすEロイス。あなたの際限のない加虐は人々を恐怖させ、その恐怖こそが平穏を乱す力となるのだ。そして恐怖に突き動かされた人々がさらなる暴力によって血飛沫を上げる時、あなたの心は悦楽に満たされる。,シナリオクラフトプレイにおいて、イベントチャートを振った直後に使用する。そのチャートの効果に加えて、エネミーチャートを振り、戦闘を発生させる。もともとエネミーチャートを振るように指示されていた場合、エネミーチャートを2回振って両方の効果を適用する。この効果で登場したエネミーが行なう攻撃のダメージに+1Dする。このEロイスはあなたがシーンに登場していなくても使用できる。,,,,PE-血飛沫の結末,,1,6
LM-苦痛のこだま,LM,一般,苦痛のこだま,クツウノコタマ,オートアクション,〈意志〉,対決,シーン(選択),視界,加虐,自身が打ち倒された際に受けた苦痛を増幅して周囲にもまき散らすEロイス。周囲が受けた苦しみは、あなたの心と身体を癒やす糧となり、再び立ち上がる力となる。人が苦しむほど、苦痛にのたうちまわるほど、あなたは生きる歓びに打ち震えるのだ。,あなたが戦闘不能になった際に使用する。あなたは対象と〈意志〉による対決を行なうこと。あなたに敗北したキャラクターは、1D点のHPダメージを受ける。ひとりでもダメージを受けたキャラクターがいた場合、あなたは即座に戦闘不能から回復する。その際、HPは「ダメージを受けたキャラクターの数×10」点にまで回復する。,,,,,,0,6
LM-サディスティック10,LM,一般,サディスティック10,サティスティックテン,オートアクション,—,自動成功,自身,至近,加虐,あなたが人を傷つけることで高揚し、加速する人間であることを表わすEロイス。あなたにとって、他者とは、美しく無様な悲鳴を奏でるための肉楽器だ。そしてその楽器は、あなたという至上の奏者を得て初めて、妙なる音色を響かせる。,このEロイスは、あなたが行なったダメージロールの直後、10の出目がひとつ以上あった場合にのみ使用できる。「10の出目の数×10」点だけ、あなたのHPが回復する。たとえば、ダメージロールの結果、「10、10、7、4、1」という出目だった場合、10の目はふたつ出ているので、HPは2×10=20点回復するのだ。,,,,,,0,6
LM-定まりし殺意,LM,一般,定まりし殺意,サタマリシサツイ,オートアクション,—,自動成功,単体,視界,嫌悪,あなたへの思いを振り切った相手に、死をもって報復するという苛烈な意志を表わすEロイス。人があなたを拒絶するというなら、あなたもまた相手の全存在を、渾身の殺意をもって否定するまでだ。あなたを理解しない者、理解したつもりになった者、すべて平等にあなたには許せない。,対象が、あなたに対して取得したロイスをタイタスに変えた時に使用する。対象はそのメインプロセスの終了後、4D点のHPダメージを受ける。,,,,上級-定まりし殺意,,0,7
LM-否定の壁,LM,一般,否定の壁,ヒテイノカヘ,オートアクション,—,自動成功,単体,視界,嫌悪,妄念と呼べるほどに膨れあがった嫌悪の念によって、自身に向けられた強い感情を拒絶するEロイス。ジャームと化したあなたにとって、人とのつながりは触れたくも思い出したくもないものだ。そんなものが生み出すという力など、あなたには唾棄すべき茶番でしかない。,対象があなたへの攻撃に、タイタスを使用した時に使用する。その効果ひとつを打ち消す。打ち消せる効果はすなわち「クリティカル値を−1」「ダイスの数を+10個」「達成値を+1D」のいずれかとなる。このEロイスは、Sロイスをタイタスにしたものには効果を発揮しない。このEロイスはバックトラックと経験点の計算の際、ひとつにつき2個分のEロイスとして計算する。,,,,上級-否定の壁,,0,7
LM-おぞましき認識,LM,シナリオクラフト専用,おぞましき認識,オソマシキニンシキ,オートアクション,—,自動成功,効果参照,効果参照,嫌悪,あなたは世界のすべてを嫌悪している。他の人にとって何でもない微笑ましい日常や日々の語らい、それどころかあなたの部下がUGNを襲撃するその作戦すら、本質的には嫌悪の対象なのだ。その嫌悪が識域下のエフェクトや未知の作用となって、世界を悪い方向へと導くことを表わすEロイス。,シナリオクラフトプレイにおいて、イベントチャートを決定した後に使用する。そのイベントの内容はそのままに、トラップイベントだったことにすることができる。この効果によって発生したトラップの解除難易度は+1Dされる。このダイスはあなたが振ること。このEロイスはあなたがシーンに登場していなくても使用できる。,,,,PE-おぞましき認識,,1,7
LM-万物嫌悪,LM,シナリオクラフト専用,万物嫌悪,ハンフツケンオ,オートアクション,—,自動成功,効果参照,効果参照,嫌悪,あなたの他者を嫌悪する感情が、そのまま世界に広がっていき、さらなる不和の種を蒔くことを表わすEロイス。嫌悪された者はその不快感を無意識に他人にまき散らし、他人の小さな行動をまた嫌悪する。そしてその連鎖の醜さを見て、あなたはやはり人間というのは好意を抱くに値しないのだと考える。,シナリオクラフトプレイにおいて、イベントチャートを振る直前に使用する。そのイベントを、[ヒロインがシーンプレイヤーに嫌悪感をあらわにする]に変更する。これはトラップとして扱い、解除難易度は+1Dされる。具体的なイベントの内容そのものは、一般的なシリオクラフトのイベント同様にGMとプレイヤーが話し合って決定すること。このEロイスはあなたがシーンに登場していなくても使用できる。,,,,PE-万物嫌悪,,1,7
LM-拒絶の結界,LM,一般,拒絶の結界,キョセツノケッカイ,常時,—,自動成功,自身,至近,嫌悪,何者をも拒み、嫌悪する意志が、物理的な障壁を構築するにまで達していることを表わすEロイス。この心の壁が存在する限り、他者があなたを傷つけることは極めて難しい。,あなたは30点以下のHPダメージを無効化する。ただし、31点以上のHPダメージは、そのすべてが適用される。また、あなたが一度でもダメージを受けた場合、《拒絶の結界》は、そのシーンが終了するまで効果を失う。このEロイスは複数取得することで効果が変わる。ひとつ追加するごとに、無効化できるダメージが30点ずつ増加するものとする。たとえばあなたがふたつの《拒絶の結界》を取得している場合、60点以下のダメージは無効化し、61点以上のダメージはすべて適用される。,,,,,,0,7
LM-盾砕きの毒,LM,一般,盾砕きの毒,タテクタキノトク,セットアッププロセス,—,自動成功,シーン(選択),視界,嫌悪,他者を守ろうとする心を、不信と嫌悪で腐らせるEロイス。あなたは、人が人を守ろうとする献身の想いを激しく嫌悪している。そして、そのような者の心を狂気で蝕み犯すことで、あなたは暗い喜びを得るのだ。だがそれは、あなたを認めてくれる他者を渇望する心の裏返しなのかもしれない。,このEロイスが使用されたラウンドの間、あなたの攻撃に対してカバーリングを行なった者は、そのメインプロセス終了後に侵蝕率が1D上昇する。,,,,,,0,7
LM-殺戒現出,LM,一般,殺戒現出,サッカイケンシュツ,セットアッププロセス,〈意志〉,対決,シーン,視界闘争,闘争,その場の全員に闘争の衝動を植えつけ、暴力の支配する空間へと変容させてしまうEロイス。そこに平和的な解決などあろうはずもなく、ただひたすらに凄惨な命のやり取りだけが、唯一の共通言語となる。この力の源となったのは、闘争に至上の快楽を見出す飢えた精神そのものだ。……さあ、闘え！,対象の〈意志〉と対決を行なうこと。あなたが勝利したら、対象にバッドステータスの暴走を与え、そのラウンドの間、対象は攻撃以外のあらゆる判定のダイスが−3個される。あなたはこのEロイスの効果を受けない。,,,,上級-殺戒現出,LM-奈落の修羅,0,8
LM-修羅の世界,LM,一般,修羅の世界,シュラノセカイ,オートアクション,—,自動成功,自身,至近,闘争,あらゆる不利な状況を振り払い、再び全力をもって戦える状態へと舞い戻るEロイス。たとえ身体が砕け、魂がすり減ろうとも、あなたの凄絶な戦いに終わりの時は来ない。永遠の闘争、それこそがあなたの願いだからだ。,いつでも使用できる。バッドステータス、封鎖、ダイスや達成値へのペナルティ、エフェクトの効果など、あなたが受けている不利な効果をすべて打ち消す。どこまでが不利な効果に該当するかはGMが判断すること。このEロイスはあなたが戦闘不能でも使用でき、その場合はさらに戦闘不能を即座に回復し、HPを1点まで回復する。,,,,上級-修羅の世界,LM-奈落の修羅,0,8
LM-永劫闘争,LM,シナリオクラフト専用,永劫闘争,エイコウトウソウ,セットアッププロセス,—,自動成功,効果参照,効果参照,闘争,戦いとは、あなたにとって永遠に続くべきものである。開戦とか休戦とかいうものは、その戦いの中の準備期間に過ぎず、大きなレベルで見れば永劫の闘争の一局面に過ぎない。あなたの闘争本能が伝播し、PCに敵意を燃やす者が増えることを表わすEロイス。,シナリオクラフトプレイ中のセットアッププロセスに使用する。そのシーン中、クリンナッププロセスのたびにGMはエネミーチャートをROCし、指定されたエネミーがPCの敵対者として登場する。登場の理由は通常のシナリオクラフトプレイ同様、GMとプレイヤーが話し合って決定すること。このEロイスはあなたがシーンに登場していなくても使用できる。,,,,PE-永劫闘争,,1,8
LM-奈落の修羅,LM,シナリオクラフト専用,奈落の修羅,ナラクノシュラ,オートアクション,—,自動成功,自身,至近,闘争,あなたが闘争のことだけを考え、それだけを心に念じることによって、戦場に特化した能力を得たことを表わすEロイス。あなたは闘争そのものが具現化したいわば修羅であり、そしてそのことに何ら疑問を抱かない。,シナリオクラフトプレイにおけるクライマックスフェイズの開始時に使用する。あなたは、《ありえざる存在》、《傲慢な理想》、《さらなる絶望》、《殺戒現出》、《修羅の世界》のうちからひとつを選択して使用できるようになる。追加されたEロイスは経験点の計算に通常のEロイスとして加算される。,,,,PE-奈落の修羅,LM-ありえざる存在 LM-傲慢な理想 LM-さらなる絶望 LM-殺戒現出 LM-修羅の世界,1,8
LM-不死英雄,LM,一般,不死英雄,フシエイユウ,常時,—,自動成功,自身,至近,闘争,想像を絶する闘争の果て、神話の英雄のごとき不死性を得たことを表わすEロイス。あなたは、ある特定の攻撃に対して完全な耐性を得ている。,このEロイスを取得する際に能力値をひとつ指定し、《不死英雄:肉体》のように記述すること。あなたは、指定された能力値を用いた攻撃から受けるダメージは自動的に0になる。なお、この不死性には、それを維持するための条件を設定しなければならない。その条件を破壊することで、このEロイスは解除される。条件の例としては、PCがあなたに対するSロイスを取得する、想い出の品を破壊される、他の攻撃手段で一度戦闘不能にされるなどといったものが挙げられる。詳細はGMが決定すること。なお、このEロイスはひとつしか取得することができない。,,,,,,0,8
LM-敗者死すべし,LM,一般,敗者死すべし,ハイシャシスヘシ,常時,—,自動成功,自身,至近,闘争,敗者を一顧だにしない精神性を表わすEロイス。あなたにとって敗者とは、すべてを略奪され、消え去るべき存在である。ましてや、その敗者が勝者に再び刃を向けることなど許すことはできない。,このEロイスは、あなたの攻撃で戦闘不能になったキャラクターが、タイタスやエフェクトなどの効果で戦闘不能から回復した場合に効果を発揮する。その戦闘が終了するまで、あなたが行なうあらゆる判定のダイスに+1個する。この効果は、キャラクターが戦闘不能から回復するたびに累積する。,,,,,,0,8
LM-虚実崩壊,LM,一般,虚実崩壊,キョシツホウカイ,メジャーアクション,—,自動成功,効果参照,効果参照,妄想,あなたの妄想を具現化するEロイス。凝り固まった狂気と妄念が、虚実定かならぬ領域に達したその時、幻想と現実は境界を越える。あなたを止めない限り、世界の有り様は恐るべき崩壊の一途を辿るだろう。,あなたの妄想が実体化し、世界が大きく変化する。その結果何が起きるのかは、GMが決定すること。ステージ内で設定されているルールを変更してもよい。この効果はあなたが死亡するまで継続する。GMは任意にこのEロイスの効果を解除する条件を作成してもよい。,,,,上級-虚実崩壊,,0,9
LM-妄念の姿,LM,一般,妄念の姿,モウネンノスカタ,常時,—,自動成功,自身,至近,妄想,レネゲイドの力で肉体と精神を変容させ、理想とする自分へと姿を変えるEロイス。姿だけでなく、その能力までもが思うがままと化す。他者へのコンプレックスや嫉妬、自己嫌悪といった感情が、このEロイスの源となっていることが多く、他人の姿をそっくり模すこともある。,このEロイスの取得時に、あなたが所持していないシンドロームからエフェクトひとつを指定する。あなたは指定したエフェクトを任意のレベルで取得する。「制限:●●」のものやエネミーエフェクトも指定できる。ただし、エフェクトに記載されている最大レベルを超えて取得することはできない。またあなたの外見や年齢、性別、立ち振る舞いなどを、あなたの望む姿に変更する。GMは任意にこのEロイスの効果を解除する条件を作成してもよい。,,,,上級-妄念の姿,,0,9
LM-歪んだ理想,LM,シナリオクラフト専用,歪んだ理想,ユカンタリソウ,オートアクション,—,自動成功,効果参照,効果参照,妄想,あなたの歪んだ理想が世界そのものを狂わせ、人々の考えにさえ作用することを表わすEロイス。あなたの妄想はあまりにも確固としたものであるため、やがて人々の本来の自我さえ歪めていく。,シナリオクラフトプレイにおいて、ハプニングチャートを振った直後に使用する。チャートの効果に加え、生存しているすべてのプレサージの「夢と理想」を新たにROCする。これは演出的には、あなた(BOSS)の影響によって人格が少しずつ変化していることを表わすが、GMとプレイヤーの合意が得られたなら、それ以外の演出を行なってもよい。もちろんROCであるから、変化させないことを選択してもよい。このEロイスはあなたがシーンに登場していなくても使用できる。,,,,PE-歪んだ理想,,1,9
LM-本質的虛構,LM,シナリオクラフト専用,本質的虛構,ホンシツテキキョウ,オートアクション,—,自動成功,効果参照,効果参照,妄想,あなたの妄想が他者に伝染することを表わすEロイス。それはもしかしたら世界というものの、一面の皮肉を切り取ったものなのかもしれないが、同じ妄想を共有できないものにとっては悪夢に他ならない。,シナリオクラフトプレイにおいてイベントチャートを振る直前に使用する。そのイベントの内容を[シーンプレイヤーが悪夢を見る]に変更する。悪夢の内容は、デウスエキス・マキナチャートをROCして決定すること。これはトラップとして扱い、解除難易度は+1Dされる。このEロイスはあなたがシーンに登場していなくても使用できる。,,,,PE-本質的虛構,,1,9
LM-心の爆弾,LM,一般,心の爆弾,ココロノハクタン,メジャーアクション,—,自動成功,単体,至近,妄想,あなたの妄想渦巻く心象風景を他者に送り込み、その精神を崩壊させるEロイス。あなたが視ている世界の実相は、常人にとっては常軌を逸しており、完全に理解不能で、そのごく一部を解明することすらできない。近づく者は、狂気に陥るのみだ。,このEロイスはエキストラに対してのみ効果を発揮する。対象となった者は通常の精神活動を停止し、あなたの妄想にとって都合のよい行動だけを行なう人形となる。この効果を解除するにはGMが設定した条件(ロイスを結ぶ、〈交渉〉による説得やエフェクトの使用など)を満たさなければならない。なお、対象が正気に戻された場合、あなたは自動的にその事実を察知できる。,,,,,,0,9
LM-マジカル☆リクエスト,LM,一般,マジカル☆リクエスト,マシカルリクエスト,オートアクション,—,自動成功,自身,至近,妄想,妄想により現実をねじ曲げ、存在しない物品を生み出すEロイス。信じれば夢は叶う……あなたは、誰よりもこの言葉を好んでいる。そう、あなたには可能なのだ。信じるだけで、求めるものは手に入る。努力なんていらない。ただ信じ、祈るだけで願いは満たされるのだから。,いつでも使用できる。あなたは、自分が望んだアイテムを即座に準備し、装備することができる。Dロイスの効果で入手できるアイテムや他のシンドロームのユニークアイテムであってもなたは入手し、使用することができる。ただし、入手したアイテムは、そのシーンの終了と同時に失われる。,,,,,,0,9
LM-黒き歓び,LM,一般,黒き歓び,クロキヨロコヒ,常時,—,自動成功,自身,至近,自傷,傷を受けるごとにあなたのレネゲイドが活性化し、よりパワーアップすることを表わすEロイス。傷付き、苛まれ、血を流すことはあなたの本望だ。痛みと共に全身を包む黒い歓喜が、あなたにさらなる力を与え、さらなる地獄へ自身と、そして周囲をいざなうだろう。,あなたがダメージを受けるごとに効果を発揮する。そのシーン中にあなたが行なう、あらゆる判定の達成値に+2する。ひとつのダメージに対しては1回しか効果を発揮せず、この効果は重複する。,,,,上級-黒き歓び,,0,10
LM-自虐の刃,LM,一般,自虐の刃,シキャクノヤイハ,オートアクション,—,自動成功,シーン(選択),視界,自傷,強烈な自傷衝動を、他者にも伝染させるEロイス。みずからを消し去りたい、死んでしまいたいというあなたの衝動は、自身にとどまらず、世界そのものを巻き添えにするまでに肥大化した。その影響があらゆる生物の自壊機能、すなわち自殺衝動を強制的に喚起するのだ。あなたの望む死は、すべての生者を道連れにすることで初めて達成されるだろう。,衝動判定が行なわれる直前に使用する。その衝動判定に失敗したキャラクターは、バッドステータスの憎悪を受ける。憎悪の対象はそれぞれのキャラクター自身となる。,,,,上級-自虐の刃,LM-デスウィッシュ,0,10
LM-聖痕陶醉,LM,シナリオクラフト専用,聖痕陶醉,セイコントウスイ,オートアクション,—,自動成功,効果参照,効果参照,自傷,あなたが傷つくたび、あなたはみずからの痛みに陶酔する。そのことがあなたをさらに強くするEロイス。あなたが人を傷つけるのは、自分を傷つけて欲しいからだ。あなたはそうすることでしか他人とふれあえない。,シナリオクラフトプレイにおいて、あなたがHPダメージを受けた回数と同じだけ、あなたはあらゆる判定にダイスボーナスを得る(最大10個)。GMが認めるならば、あなたがミドルフェイズで受けたケガや病気などを、HPダメージを受けた回数に数えてもよい。,,,,PE-聖痕陶醉,,1,10
LM-死神のいざない,LM,シナリオクラフト専用,死神のいざない,シニカミノイサナイ,オートアクション,—,自動成功,効果参照,効果参照,自傷,死。それはあなたにとって甘美な眠りのようなものだ。オーヴァードであるがゆえになまじなことで死ぬことができないあなたは、強く死に引きつけられている。そして、その安らぎに憧れるあなたの心が脆弱な只人の心を引き裂くことを表わすEロイス。,シナリオクラフトプレイにおいて、イベントチャートを振る直前に使用する。そのイベントを、[ヒロインが衝動的に自殺を試みる]に変更する。これはトラップとして扱い、解除難易度は+1D10される。具体的なイベントの内容そのものは、一般的なシナリオクラフトのイベント同様にGMとプレイヤーが話し合って決定すること。判定に失敗した場合ヒロインがどうなるかはGMが決定せよ。このEロイスはあなたがシーンに登場していなくても使用できる。,,,,PE-死神のいざない,,1,10
LM-デスウィッシュ,LM,一般,デスウィッシュ,テスウィッシュ,オートアクション,—,自動成功,効果参照,効果参照,自傷,あなたが誰よりも死に憧れ、希求していることを表わすEロイス。その恋心は、己を切り裂く刃を研ぎ澄まし、確実な死をもたらしてくれることだろう。数多くの道連れと共に、あなたはこの憂き世から解放されるのだ。,あなたが《自虐の刃》を使用する際に、同時に使用する。《自虐の刃》で与えられたバッドステータスの憎悪の効果を受けている間に行なう、あなた自身に対する攻撃のダメージに+2Dする。,,,,,LM-自虐の刃,0,10
LM-死は甘きもの,LM,一般,死は甘きもの,シハアマキモノ,常時,—,自動成功,自身,至近,自傷,あなたが痛みをこよなく愛し、その喜びを他者にも振る舞いたいという歪んだ喜捨精神を表わすEロイス。あなたにとって痛みは無上の喜びだが、世間の常人にとってはただの苦痛でしかない。だが、彼らの悲鳴や怨嗟の声など、あなたに届きはしないのだ。あなたと彼らの間にはどうやっても埋めることのできない、痛みと喜びの溝が存在している。,あなたがダメージを受けた場合、あなたにダメージを与えたキャラクターの侵蝕率はただちに3点上昇する。あなたの狂った官能で精神を汚染されるためだ。,,,,,,0,10
LM-怯えのまなざし,LM,一般,怯えのまなざし,オヒエノマナサシ,イニシアチブプロセス,—,自動成功,シーン(選択),視界,恐怖,あなたが世界や他人、あるいは自分自身に対して感じている絶望的な恐怖を、他者にまで伝搬させるEロイス。あなたを理解しようとする者は、あなたが見えているモノを見、聞こえているモノを聞いてしまう。それは精神を破壊するに足る圧倒的絶望であり、味わってしまった哀れな犠牲者を正気ではすまさないだろう。そう、あなたと同様に。,あなたに対するロイスを取得しているキャラクターしか対象にできない。対象にバッドステータスの暴走を与える。,,,,上級-怯えのまなざし,,0,11
LM-絶対拒絕,LM,一般,絶対拒絕,セッタイキョセツ,常時,—,自動成功,自身,至近,恐怖,あなたが他者を恐怖し、激しく拒絶する心の声が、周囲を物理的に侵蝕することを表わすEロイス。あなたに近づいた者は、肉体と精神を破壊され、異形の存在、すなわちあなたと同質のものへと成り果てるだろう。あるいはそれが、唯一あなたが恐怖せずに済む姿なのかもしれない。,あなたにエンゲージしたキャラクターは、即座に侵蝕率が1D10点上昇する。この侵蝕率上昇は一度離れて再びあなたにエンゲージした場合、再び効果を発揮する。また、これにより非オーヴァードがオーヴァードに覚醒したり、即座にジャーム化するとしてもよい。,,,,上級-絶対拒絕,,0,11
LM-未知なる姿,LM,シナリオクラフト専用,未知なる姿,ミチナルスカタ,オートアクション,—,自動成功,効果参照,効果参照,恐怖,あなたが他者を恐怖するがゆえに、みずからの肉体や精神、時には記憶さえもレネゲイドによって変貌させることができるようになったことを表わすEロイス。あなたは自身の身体的特徴や性別、記憶、価値観などを変化させることができる。動物や植物になってもよいが、データ的な差異はないものとする。,シナリオクラフトプレイにおいて使用した場合、トリガーイベントで明かされるあなたの正体が、それまでの姿と違っても構わないものとする。実は登場していた複数のNPCがすべてあなただった、としてもよい。また、プレサージチャートを新しく振って、本当のあなたの外見や内面を決定し直しても構わない。最終的にはGMが決定せよ。,,,,PE-未知なる姿,,1,11
LM-宇宙的恐怖,LM,シナリオクラフト専用,宇宙的恐怖,ウチュウテキキョウフ,オートアクション,—,自動成功,効果参照,効果参照,恐怖,あなたの抱く世界への際限なき恐怖が幻像として世界に投影され、人々に目撃されることでさらなる恐怖をまき散らすことを表わすEロイス。,シナリオクラフトプレイにおいて、イベントチャートを振る直前に使用する。そのイベントを、[宇宙的恐怖の幻影が出現する]に変更する。これはトラップとして扱い、解除難易度は+1D10される。具体的なイベントの内容そのものは、一般的なシナリオクラフトのイベント同様にGMとプレイヤーが話し合って決定すること。このEロイスはあなたがシーンに登場していなくても使用できる。,,,,PE-宇宙的恐怖,,1,11
LM-離れ難き隣人,LM,一般,離れ難き隣人,ハナレカタキリンシン,イニシアチブプロセス,〈意志〉,対決,範囲(選択),視界,恐怖,孤独への恐怖を与えるEロイス。あなたは孤立を恐れており、その恐怖は他者の心にも影響をおよぼす。あなたの恐怖に触れた者は足がすくみ、手は震え、隣にいる友から離れようなどとは夢にも思わなくなるのだ。,あなたは対象と〈意志〉による対決を行なうこと。敗北した対象は、そのラウンドの間、あらゆる移動が不可能になる。ただし、《吹き飛ばし》のような強制移動を行なわせるエフェクトの効果は受けるものとする。,,,,,,0,11
LM-闇の呼び声,LM,一般,闇の呼び声,ヤミノヨヒコエ,イニシアチブプロセス,—,自動成功,シーン,視界,恐怖,孤独を恐れる心の叫びにより、強引に人々をそばへと引き寄せるEロイス。あなたは孤独を恐れている。恐れるがゆえに、すべての人間を一箇所に集め、己の支配下に置きたがるのだ。あなたの叫びを聞いた者は、どんな遠方にいようとも、ただちにあなたのもとに集う。,このEロイスが使用されると、シーンに登場しているキャラクターは、即座にあなたにエンゲージする。どれだけ距離が離れていても、物理的に移動が不可能な状態であっても、この効果は発揮される。当然ながら、バッドステータスの硬直を受けている状態でもエンゲージしなければならない。,,,,,,0,11
LM-怨念の一打,LM,一般,怨念の一打,オンネンノイチタ,オートアクション,—,自動成功,自身,至近,憎悪,怒りと憎悪の念によって、あなたを傷つけた相手に殺意を反射するEロイス。あなたの衝動の源泉は、あなたを傷つけ、拒もうとする周囲の世界に対しての飽くなき憎悪だ。あなたの存在を否定しようとする者を、あなたは決して許しはしない。たとえ諸共に道連れにしようとも、地獄に叩き込まずには済まさないだろう。,あなたがHPダメージを受けた直後に使用する。あなたにそれを与えたキャラクターに、あなたが受けたのと同じだけのHPダメージを与える。このダメージはあらゆる手段で軽減できない。,,,,上級-怨念の一打,,0,12
LM-憎しみの楔,LM,一般,憎しみの楔,ニクシミノクサヒ,オートアクション,—,自動成功,単体,視界,憎悪,妄執の域にまで凝り固まった憎悪の念を伝染させ、対象をその渦中に引きずり込むEロイス。あなたの発する悪意にあてられた者は、その狂気に一時的に取り込まれ、心のどこかが壊れてしまうのだ。ゆえに、あなたという怪物と戦おうとするものは、何かを犠牲にせずにはいられない。たとえ戦う理由が正しく気高いものであろうとも、憎悪の炎に身を焦がされ、ついにはあなたと同じ存在に成り果ててしまうだろう。,いつでも使用できる。対象が取得しているロイスひとつを選択し、タイタスに変える。タイタスに変化したことでどのような影響が出るのかはGMが任意に決定してよい。,,,,上級-憎しみの楔,,0,12
LM-憎しみの連鎖,LM,シナリオクラフト専用,憎しみの連鎖,ニクシミノレンサ,常時,—,自動成功,自身,至近,憎悪,あなたの抱く怒りと憎悪が伝染し、必要のない復讐や、闇雲な戦線拡大を巻き起こすことを表わすEロイス。あなたの我欲によって始まった戦いは、やがてあなたの周囲を巻き込み、悲しみと憎しみばかりを広げていく。,シナリオクラフトプレイのクライマックスフェイズにおいて、あなたと同一エンゲージにジャーム:クラスター(『ルール2』P264)を[エネミーチャートをROCした回数]だけ出現する。出現するエネミーをGMの判断で変更してもよい。,,,,PE-憎しみの連鎖,,1,12
LM-黒き業炎,LM,シナリオクラフト専用,黒き業炎,クロキコウエン,オートアクション,—,自動成功,効果参照,効果参照,憎悪,あなたの持つ妄執と憎悪の連鎖が、巡り巡って他者をもその憎悪に巻き込むことを表わすEロイス。憎悪の業炎はあなたを焼き尽くすばかりでなく、他人をもその贄にせずにはおかない。,シナリオクラフトプレイにおいて、イベントチャートを振る直前に使用する。そのイベントを、[NPCが憎悪によってPCに刃を向ける]に変更する。これはトラップとして扱い、解除難易度は+1D10される。登場するNPCはプレサージから選択してもよいし、NPCチャートやランダムNPCチャートを参照してもよい。このEロイスはあなたが登場していなくても使用できる。,,,,PE-黒き業炎,,1,12
LM-潜伏憎悪,LM,一般,潜伏憎悪,センフクソウオ,メジャーアクション,〈意志〉,対決,単体,視界,憎悪,焼けつくほどの憎悪を他者の心の奥底に潜ませるEロイス。あなたは他者を憎むだけでなく、他者の心に憎しみの種を植えつける術にも長けているのだ。,あなたは対象と〈意志〉による対決を行なうこと。あなたが勝利した場合、対象にバッドステータスの憎悪を与える。憎悪の対象はあなたの任意だが、対象自身を指定することはできない。この憎悪は通常の方法では解除できず、シーンが変わっても持続する。解除するためには、GMが設定した条件(憎悪の対象にロイスを結ぶ、憎悪の対象に戦闘不能に追い込まれる、など)を満たさなければならない。,,,,,,0,12
LM-地獄の季節,LM,一般,地獄の季節,シコクノキセツ,イニシアチブプロセス,—,自動成功,シーン,視界,憎悪,暴力の嵐を巻き起こし、それに紛れて退場するEロイス。あなたは人の暴力衝動に火をつけ、煽ることで、騒乱という大火にまで発展させることができる。,このEロイスが使用されると、シーンに怒れる暴徒が登場し、乱暴狼藉を働く。彼らはあなたのEロイスによって一時的に恐るべき力を与えられ、暴走状態に陥った一般人である。シーンに登場しているキャラクターは、この暴徒に巻き込まれ2D点のHPダメージを受ける。また、あなたはただちにシーンから退場しても構わない。ダメージの処理が終わると同時に暴徒たちは正気に戻り(暴れている間の記憶はない)、いずこへともなく去ってゆく。,,,,,,0,12
