id,supplement,category,name,ruby,type,skill,atk,atk_int,initiative,initiative_int,armor,armor_int,dash,dash_int,procure,procure_int,stock,stock_int,exp,exp_int,rec,flavor,effect,price,rec_effect,ref_faq_id,ref_info_id,update,other_ver_id,rel_power_id,rel_weapon_id,rel_armor_id,rel_vehicle_id,rel_connection_id,rel_general_id,rel_dlois_id,cost_order
基本1-自転車,基本1,ジェネラルアイテム,自転車,シテンシャ,ヴィークル,〈運転:二輪〉,2,2,−1,,—,0,[【肉体】+40]m,,5,5,1,1,,,,ママチャリからMTBまで。愛用者は全国にいる。,,,,,,IA,IA-自転車,,,,,,,,1
基本1-バイク,基本1,ジェネラルアイテム,バイク,ハイク,ヴィークル,〈運転:二輪〉,5,5,−3,,—,0,200m,200,12,12,5,5,,,,125~400cc、いわゆる中型バイクに区分される。,,,,,,IA,IA-バイク,,,,,,,,5
基本1-乗用車,基本1,ジェネラルアイテム,乗用車,ショウヨウシャ,ヴィークル,〈運転:四輪〉,10,10,−4,,6,6,100m,100,22,22,8,8,,,,典型的な乗用車。ナンバーでも覚えない限り、特定は難しい。,,,,,,IA,IA-乗用車,,,,,,,,8
基本1-モーターボート,基本1,ジェネラルアイテム,モーターボート,モーターホート,ヴィークル,〈運転:船舶〉,7,7,−1,,—,0,100m,100,22,22,8,8,,,,エンジンが搭載されたボート。,水上でのみ使用できる。,,,,,IA,IA-モーターボート,,,,,,,,8
基本1-ヘリ,基本1,ジェネラルアイテム,ヘリ,ヘリ,ヴィークル,〈運転:航空機〉,5,5,−3,,—,0,100m,100,35,35,20,20,,,,民間用のヘリコプター。,搭乗している間、飛行状態となる。,,,,,IA,IA-ヘリ,,,,,,,,20
基本1-SUV,基本1,ジェネラルアイテム,SUV,SUV,ヴィークル,〈運転:四輪〉,15,15,−5,,7,7,80m,80,36,36,24,24,,,,悪路踏破性が高い四輪駆動車。舗装されていない道でも、どんどん入っていける。,,,,,,IA,IA-SUV,,,,,,,,24
基本2-大型バイク,基本2,ジェネラルアイテム,大型バイク,オオカタハイク,ヴィークル,〈運転:二輪〉,12,12,−5,,—,0,250m,250,25,25,15,15,,,,400ccを超えるバイク。燃費が悪い。,,,,,,IA,IA-大型バイク,,,,,,,,15
基本2-貨物自動車,基本2,ジェネラルアイテム,貨物自動車,カモツシトウシャ,ヴィークル,〈運転:四輪〉,12,12,−6,,6,6,100m,100,30,30,20,20,,,,いわゆるトラック。中型、大型になると専用の免許が必要。,,,,,,IA,IA-貨物自動車,,,,,,,,20
基本2-高級車,基本2,ジェネラルアイテム,高級車,コウキュウシャ,ヴィークル,〈運転:四輪〉,10,10,−4,,8,8,150m,150,35,35,25,25,,,,リムジンのような高級車両。,,,,,,IA,IA-高級車,,,,,,,,25
基本2-モーフィングバイク,基本2,エフェクトアイテム:ヴィークルモーフィング専用アイテム,モーフィングバイク,モーフィンクハイク,ヴィークル,〈運転:二輪〉,8,8,0,0,—,0,250m,250,購入不可,,不可,,,,,《ヴィークルモーフィング》で作り出した二輪車。細かい外見は作成者の思いのままである。,,,,,,EA IA,EA-モーフィングバイク IA-モーフィングバイク,基本2-ヴィークルモーフィング,,,,,,,999
基本2-モーフィングカー,基本2,エフェクトアイテム:ヴィークルモーフィング専用アイテム,モーフィングカー,モーフィンクカー,ヴィークル,〈運転:四輪〉,10,10,−2,,8,8,100m,100,購入不可,,不可,,,,,《ヴィークルモーフィング》で作り出した乗用車。細かい外見は作成者の思いのままである。,,,,,,EA IA,EA-モーフィングカー IA-モーフィングカー,基本2-ヴィークルモーフィング,,,,,,,999
基本2-モーフィングヘリ,基本2,エフェクトアイテム:ヴィークルモーフィング専用アイテム,モーフィングヘリ,モーフィンクヘリ,ヴィークル,〈運転:航空機〉,7,7,0,0,—,0,100m,100,購入不可,,不可,,,,,《ヴィークルモーフィング》で作り出したヘリコプター。細かい外見は作成者の思いのままである。,搭乗している間、飛行状態となる。,,,,,EA IA,EA-モーフィングヘリ IA-モーフィングヘリ,基本2-ヴィークルモーフィング,,,,,,,999
基本2-モーフィングボート,基本2,エフェクトアイテム:ヴィークルモーフィング専用アイテム,モーフィングボート,モーフィンクホート,ヴィークル,〈運転:船舶〉,9,9,0,0,—,0,150m,150,購入不可,,不可,,,,,《ヴィークルモーフィング》で作り出したモーターボート。細かい外見は作成者の思いのままである。,水上でのみ使用できる。,,,,,EA IA,EA-モーフィングボート IA-モーフィングボート,基本2-ヴィークルモーフィング,,,,,,,999
基本2-モーフィングバイクII,基本2,エフェクトアイテム:ヴィークルモーフィング専用アイテム,モーフィングバイクII,モーフィングバイクII,ヴィークル,〈運転:二輪〉,11,11,0,0,—,0,300m,300,購入不可,,不可,,,,,《ヴィークルモーフィング》で作り出した、高性能の二輪車。,《ヴィークルモーフィング》が3レベル以上の時のみ作成できる。細かい外見は作成者の思いのままである。あなたの《ヴィークルモーフィング》が3レベル以上の時のみ作成できる。,,,,,EA IA,EA-モーフィングバイクII IA-モーフィングバイクII,基本2-ヴィークルモーフィング,,,,,,,999
基本2-モーフィングカーII,基本2,エフェクトアイテム:ヴィークルモーフィング専用アイテム,モーフィングカーII,モーフィングカーII,ヴィークル,〈運転:四輪〉,12,12,−2,,12,12,150m,150,購入不可,,不可,,,,,《ヴィークルモーフィング》で作り出した高性能の乗用車。細かい外見は作成者の思いのままである。,《ヴィークルモーフィング》が3レベル以上の時のみ作成できる。,,,,,EA IA,EA-モーフィングカーII IA-モーフィングカーII,基本2-ヴィークルモーフィング,,,,,,,999
基本2-モーフィングロボ,基本2,エフェクトアイテム:ヴィークルモーフィング専用アイテム,モーフィングロボ,モーフィンクロホ,ヴィークル,解説参照,15,15,−3,,18,18,50m,50,購入不可,,不可,,,,,《ヴィークルモーフィング》で作り出したロボット。二足、キャタピラなど細かい外見は作成者の思いのままである。,《ヴィークルモーフィング》が5レベル以上の時のみ作成できる。〈運転:〉のカテゴリーについては作成したキャラクターが作成時に決定すること。,,,,,EA IA,EA-モーフィングロボ IA-モーフィングロボ,基本2-ヴィークルモーフィング,,,,,,,999
上級-フォールンヴィークル,上級,秘密兵器専用アイテム,フォールンヴィークル,フォールンウィークル,ヴィークル,〈運転:~~〉,13,13,−3,,13,13,300m,300,購入不可,,不可,,,,,EXレネゲイドに感染したヴィークル。,〈運転:〉のカテゴリーについてはこのアイテムの取得時に決定すること。また、搭乗している間、あなたが行なうあらゆる判定のダイスを+1個する。,,,,,LM IA,LM-フォールンヴィークル IA-フォールンヴィークル,,,,,,,上級-秘密兵器,999
上級-エキゾチックカー,上級,ユニークアイテム,エキゾチックカー,エキソチックカー,ヴィークル,〈運転:四輪〉,13,13,−3,,6,6,200m,200,,,,,40,40,,見る者をゾクゾクとさせる美しいフォルムと、他を寄せつけない圧倒的なエンジン出力を誇る“走る芸術品”。各社からさまざまな種類のエキゾチックカーが発表されている。代表はスーパーカー。,,,,,,IA,IA-エキゾチックカー,,,,,,,,40
上級-戦闘ヘリ,上級,ユニークアイテム,戦闘ヘリ,セントウヘリ,ヴィークル,〈運転:航空機〉,5,5,−3,,18,18,200m,200,,,,,50,50,,機関砲を搭載した軍用ヘリ。各国の軍隊や傭兵組織で使用されている。,搭乗すると自動的にチェーンガンが装備される。搭乗している間、飛行状態となる。,,,,,IA,IA-戦闘ヘリ,,基本2-チェーンガン,,,,,,50
上級-絆の愛馬,上級,ユニークアイテム:オルクス,絆の愛馬,キスナノアイハ,ヴィークル,〈運転:馬〉,4,4,−1,,—,0,100m,100,,,,,20,20,,EXレネゲイドに感染し、オルクスシンドロームの持ち主との感応性を極限まで高めたオーヴァードホース。,搭乗している間、オルクスのエフェクトを使用した判定のダイスを+1する。,,,,,IA,IA-絆の愛馬,,,,,,,,20
PE-スカイキッド,PE,FHアイテム,スカイキッド,スカイキット,ヴィークル,〈知識:機械操作〉,0,0,0,0,0,0,解説参照,,購入不可,,5,5,,,,FHが開発した、個人用のジェット噴出器。精密に運用するには専門知識が必要となる。,搭乗している間、飛行状態となり、全力移動はあなたの全力移動と同じとなる。また、あなたが行なう戦闘移動を+5mする。,,,,,IA,IA-スカイキッド,,,,,,,,5
PE-FHブレードバイク,PE,FHアイテム,FHブレードバイク,FHフレートハイク,ヴィークル,〈運転:二輪〉,12,12,−1,,—,0,200m,200,購入不可,,8,8,,,,FHが開発した、車体の細さが特徴的なバイク。扱いやすさを重視している。,搭乗している間、あなたが行なう戦闘移動を+10mする。,,,,,IA,IA-FHブレードバイク,,,,,,,,8
PE-FHライトバン,PE,FHアイテム,FHライトバン,FHライトハン,ヴィークル,〈運転:四輪〉,8,8,−5,,10,10,120m,120,購入不可,,10,10,,,,FHが開発した貨物自動車。銃撃戦に巻き込まれても耐えられるだけの防御力を重視している。,,,,,,IA,IA-FHライトバン,,,,,,,,10
PE-スチールギガント,PE,FHアイテム,スチールギガント,スチールキカント,ヴィークル,〈運転:多脚戦車〉,20,20,−10,,20,20,120m,120,購入不可,,50,50,,,,FHが開発した、全長20メートルを超える多脚戦車。,搭乗している間、あなたが装備している武器は使用できない。,,,,,IA,IA-スチールギガント,,,,,,,,50
IC-リニアヴィークル,IC,ユニークアイテム:ブラックドッグ,リニアヴィークル,リニアウィークル,ヴィークル,〈RC〉〈運転:四輪〉,10,10,−2,,3,3,250m,250,,,,,15,15,,ブラックドッグの能力で発生した電力で稼動するリニアモーターが組み込まれた乗り物。搭乗者の思考を電子信号に変換して操縦できる。,搭乗している間、あなたが行なう戦闘移動を+5mする。,,,109,,IA,IA-リニアヴィークル,,,,,,,,15
IC-水上バイク,IC,ジェネラルアイテム,水上バイク,スイショウハイク,ヴィークル,〈運転:船舶〉,6,6,−1,,—,0,200m,200,10,10,4,4,,,,水上で使用できる小型艇。ウォータージェット推進による高速航行性能で、軽快な水上走行が可能。,水上でのみ使用できる。,,,,,IA,IA-水上バイク,,,,,,,,4
IC-乗用馬,IC,ジェネラルアイテム,乗用馬,ショウヨウハ,ヴィークル,〈運転:馬〉,3,3,−2,,—,0,100m,100,12,12,5,5,,,,軍馬や競走馬などの人を乗せるために訓練された馬。生き物であり、上手に扱うには乗り手にも技量が要求される。,,,,,,IA,IA-乗用馬,,,,,,,,5
IC-パーソナルモビリティ,IC,ジェネラルアイテム,パーソナルモビリティ,ハーソナルモヒリティ,ヴィークル,〈運転:二輪〉,0,0,0,0,—,0,50m,50,10,10,5,5,,,,低エネルギーを志向する、未来の乗り物として開発された個人用移動機器。小回りがきくため、建物内部などでも使用できる。,このヴィークルに他のキャラクターは同乗状態になることができない。,,,,,IA,IA-パーソナルモビリティ,,,,,,,,5
IC-スポーツカー,IC,ジェネラルアイテム,スポーツカー,スホーツカー,ヴィークル,〈運転:四輪〉,10,10,−5,,4,4,300m,300,30,30,15,15,,,,通常よりもスピードや高速走行時の運動性能を重視して製造された自動車。,,,,,,IA,IA-スポーツカー,,,,,,,,15
IC-軍用4WD,IC,ジェネラルアイテム,軍用4WD,クンヨウ4WD,ヴィークル,〈運転:四輪〉,10,10,−6,,10,10,150m,150,38,38,25,25,,,,ハンヴィーのような四輪駆動軍用汎用軽車両。不整地での輸送に用いられるほか、車載兵器を搭載して簡易装甲車として用いられることもある。,,,,,,IA,IA-軍用4WD,,,,,,,,25
IC-軽飛行機,IC,ジェネラルアイテム,軽飛行機,ケイヒコウキ,ヴィークル,〈運転:航空機〉,5,5,−3,,—,0,300m,300,40,40,25,25,,,,個人所有が可能な小型飛行機。,搭乗している間、飛行状態となる。,,,,,IA,IA-軽飛行機,,,,,,,,25
IC-潜水艇,IC,ジェネラルアイテム,潜水艇,センスイテイ,ヴィークル,〈運転:船舶〉,5,5,−10,,10,10,80m,80,50,50,33,33,,,,水中活動が可能な民間用の潜水艇。,水中でのみ使用できる。搭乗している間、水中でのペナルティを受けない。,,,,,IA,IA-潜水艇,,,,,,,,33
IC-宇宙船,IC,ジェネラルアイテム,宇宙船,ウチュウセン,ヴィークル,〈運転:宇宙船〉,10,10,−8,,15,15,400m,400,67,67,42,42,,,,大気圏突入能力を備えた小型の宇宙船。,宇宙空間でのみ使用できる。搭乗している間、宇宙空間でのペナルティを受けない。,,,,,IA,IA-宇宙船,,,,,,,,42
UG-コマンドモービル,UG,エンブレムアイテム:UGN支部長,コマンドモービル,コマントモーヒル,エンブレム/ヴィークル,〈運転:四輪〉,12,12,−3,,15,15,180m,180,,,,,30,30,,選ばれた支部長にのみ、乗ることが許される特殊装甲車両。,セットアッププロセスに使用する。あなたはこのアイテムを呼び、搭乗する。また、あなた以外が判定を行なう直前に宣言することで、その判定のダイスを+3個する。この効果は搭乗している間、1シナリオに3回まで使用できる。,,,,,IA,IA-コマンドモービル,,,,,,,,30
UG-幽霊タクシー,UG,エンブレムアイテム:ゼノス,幽霊タクシー,ユウレイタクシー,エンブレム/ヴィークル,〈交渉〉,5,5,−5,,5,5,100m,100,,,,,15,15,,都市伝説を起源とするレネゲイドビーイングのタクシー。運転手はいないが、行き先を伝えれば自動で走る。,搭乗している間、搭乗者は《ハンティングスタイル》を1レベルで取得しているものとして扱う。この《ハンティングスタイル》は侵蝕率によるレベルアップの影響を受けない。,,,,,IA,IA-幽霊タクシー,EA-ハンティングスタイル,,,,,,,15
UG-重装甲トラック,UG,エンブレムアイテム:ストレンジャーズ,重装甲トラック,シュウソウコウトラック,エンブレム/ヴィークル,〈運転:四輪〉,4,4,−6,,12,12,100m,100,,,,,15,15,,ストレンジャーズが一般市街地での作戦行動で使用するトラック。外見は市販の業務用トラックだが、内部は兵員輸送車となっており、兵士一個分隊(8人)を搭乗させられる。,,,,,,IA,IA-重装甲トラック,,,,,,,,15
UG-テクニカル,UG,エンブレムアイテム:鴻央会,テクニカル,テクニカル,エンブレム/ヴィークル,〈運転:四輪〉,6,6,−5,,6,6,100m,100,,,,,15,15,,組同士の抗争で使用する、武装を施したピックアップトラック。,搭乗している間、戦闘移動に+20mし、グレネードランチャーを装備・使用することができる。,,,,,IA,IA-テクニカル,,,,,,,,15
EA-モーフィングバイク,EA,エフェクトアイテム:ヴィークルモーフィング専用アイテム,モーフィングバイク,モーフィンクハイク,ヴィークル,〈運転:二輪〉,8,8,0,0,—,0,250m,250,購入不可,,不可,,,,,《ヴィークルモーフィング》で作り出した二輪車。細かい外見は作成者の思いのままである。,,,,,,IA,基本2-モーフィングバイク IA-モーフィングバイク,,,,,,,EA-ヴィークルモーフィング,999
EA-モーフィングカー,EA,エフェクトアイテム:ヴィークルモーフィング専用アイテム,モーフィングカー,モーフィンクカー,ヴィークル,〈運転:四輪〉,10,10,−2,,8,8,100m,100,購入不可,,不可,,,,,《ヴィークルモーフィング》で作り出した乗用車。細かい外見は作成者の思いのままである。,,,,,,IA,基本2-モーフィングカー IA-モーフィングカー,,,,,,,EA-ヴィークルモーフィング,999
EA-モーフィングヘリ,EA,エフェクトアイテム:ヴィークルモーフィング専用アイテム,モーフィングヘリ,モーフィンクヘリ,ヴィークル,〈運転:航空機〉,7,7,0,0,—,0,100m,100,購入不可,,不可,,,,,《ヴィークルモーフィング》で作り出したヘリコプター。細かい外見は作成者の思いのままである。,搭乗している間、飛行状態となる。,,,,,IA,基本2-モーフィングヘリ IA-モーフィングヘリ,,,,,,,EA-ヴィークルモーフィング,999
EA-モーフィングボート,EA,エフェクトアイテム:ヴィークルモーフィング専用アイテム,モーフィングボート,モーフィンクホート,ヴィークル,〈運転:船舶〉,9,9,0,0,—,0,150m,150,購入不可,,不可,,,,,《ヴィークルモーフィング》で作り出したモーターボート。細かい外見は作成者の思いのままである。,水上でのみ使用できる。,,,,,IA,基本2-モーフィングボート IA-モーフィングボート,,,,,,,EA-ヴィークルモーフィング,999
EA-モーフィングバイクII,EA,エフェクトアイテム:ヴィークルモーフィング専用アイテム,モーフィングバイクII,モーフィングバイクII,ヴィークル,〈運転:二輪〉,11,11,0,0,—,0,300m,300,購入不可,,不可,,,,,《ヴィークルモーフィング》で作り出した、高性能の二輪車。細かい外見は作成者の思いのままである。,《ヴィークルモーフィング》が3レベル以上の時のみ作成できる。,,,,,IA,基本2-モーフィングバイクII IA-モーフィングバイクII,,,,,,,EA-ヴィークルモーフィング,999
EA-モーフィングカーII,EA,エフェクトアイテム:ヴィークルモーフィング専用アイテム,モーフィングカーII,モーフィングカーII,ヴィークル,〈運転:四輪〉,12,12,−2,,12,12,150m,150,購入不可,,不可,,,,,《ヴィークルモーフィング》で作り出した高性能の乗用車。細かい外見は作成者の思いのままである。,《ヴィークルモーフィング》が3レベル以上の時のみ作成できる。,,,,,IA,基本2-モーフィングカーII IA-モーフィングカーII,,,,,,,EA-ヴィークルモーフィング,999
EA-モーフィングヘリII,EA,エフェクトアイテム:ヴィークルモーフィング専用アイテム,モーフィングヘリII,モーフィングヘリII,ヴィークル,〈運転:航空機〉,9,9,0,0,—,0,150m,150,購入不可,,不可,,,,,《ヴィークルモーフィング》で作り出した高性能のヘリコプター。細かい外見は作成者の思いのままである。,《ヴィークルモーフィング》が3レベル以上の時のみ作成できる。搭乗している間、飛行状態となる。,,,,,IA,IA-モーフィングヘリII,,,,,,,EA-ヴィークルモーフィング,999
EA-モーフィングロボ,EA,エフェクトアイテム:ヴィークルモーフィング専用アイテム,モーフィングロボ,モーフィンクロホ,ヴィークル,解説参照,15,15,−3,,18,18,50m,50,購入不可,,不可,,,,,《ヴィークルモーフィング》で作り出したロボット。二足、キャタピラなど細かい外見は作成者の思いのままである。,《ヴィークルモーフィング》が5レベル以上の時のみ作成できる。〈運転:〉のカテゴリーについては作成したキャラクターが作成時に決定すること。,,,,,IA,基本2-モーフィングロボ IA-モーフィングロボ,,,,,,,EA-ヴィークルモーフィング,999
LM-フォールンヴィークル,LM,秘密兵器専用アイテム,フォールンヴィークル,フォールンウィークル,ヴィークル,〈運転:~~〉,13,13,−3,,13,13,300m,300,,,,,20,20,,EXレネゲイドに感染したヴィークル。,〈運転:〉のカテゴリーについてはこのアイテムの取得時に決定すること。搭乗している間、あなたが行なう判定のダイスを+1個する。,,,,,IA,上級-フォールンヴィークル IA-フォールンヴィークル,,,,,,,LM-秘密兵器,20
LM-チャリオットバラー,LM,遺産継承者専用アイテム,チャリオットバラー,チャリオットハラー,ヴィークル,〈運転:馬〉,13,13,−1,,6,6,200m,200,購入不可,,不可,,,,,勇将を乗せて山野を越えた騎乗動物。あなたの招きに応じ現われる。,あなたは《戦術》を1レベルで取得する。取得に経験点は必要なく、経験点を使用して成長させることができる。,契約者は代償として速さを追求するようになる。侵蝕率基本値を+3する。,,,,IA,IA-チャリオットバラー,EA-戦術,,,,,,LM-遺産継承者 HR-遺産の器,999
HR-フォールンマシン,HR,秘密兵器専用アイテム,フォールンマシン,フォールンマシン,ヴィークル,〈運転:多脚戦車〉,17,17,−3,,15,15,150m,150,,,,,20,20,,全長3メートル程度の人型ロボ。EXレネゲイドによって完成したオンリーワンな機体。,搭乗している間、“この武器を装備している間、他の武器を装備できない”とある武器を最大4つまで装備できる。,,,,,IA,IA-フォールンマシン,,,,,,,LM-秘密兵器,20
HR-オルトロス,HR,FHアイテム,オルトロス,オルトロス,ヴィークル,〈運転:多脚戦車〉,20,20,−5,,15,15,120m,120,購入不可,,40,40,,,,強化されたオーヴァード用に開発された試作多脚戦車。,搭乗している間、あなたが行なう〈RC〉を使用した攻撃の命中判定に+10する。このヴィークルは“精神強化手術”を3つ取得しているキャラクターのみ、使用することができる。,,,,,IA,IA-オルトロス,,,,,,HR-精神強化手術,,40
RW-ストライクモービル,RW,秘密兵器専用アイテム,ストライクモービル,ストライクモーヒル,ヴィークル,〈運転:~~〉,10,10,−1,,13,13,350m,350,,,,,20,20,,戦闘用に適したヴィークルマシン。,〈運転:〉のカテゴリーは取得時に決定すること。搭乗している間、あなたが行なう攻撃の判定のダイスを+4個する。,,,,,IA,IA-ストライクモービル,,,,,,,LM-秘密兵器,20
RW-バトルトレーラー,RW,秘密兵器専用アイテム,バトルトレーラー,ハトルトレーラー,ヴィークル,〈運転:四輪〉〈運転:多脚戦車〉,12/20,20,−4,,14/20,20,100m,100,,,,,100,100,,普段は巨大なヴィークルだが、命令とともに変形して人型ロボになるEXレネゲイド。,マイナーアクションを使用することで、そのシーンの間、攻撃力、装甲値が/の右側のデータとなる。また、その間、このヴィークルの攻撃力を〈白兵〉で使用できる。このアイテムは経験点を支払うことでしか取得できない。,,,,,IA,IA-バトルトレーラー,,,,,,,LM-秘密兵器,100
NC-スクーター・小型バイク,NC,ジェネラルアイテム,スクーター・小型バイク,スクーター・コカタハイク,ヴィークル,〈運転:二輪〉,2,2,−2,,—,0,100m,100,5,5,2,2,,,,50ccクラスのスクーターや125cc程度の小型バイクなど。高校生にも広く普及している日常の足である。,,,,,,IA,IA-スクーター・小型バイク,,,,,,,,2
NC-歩兵戦闘車,NC,ジェネラルアイテム,歩兵戦闘車,ホヘイセントウシャ,ヴィークル,〈運転:四輪〉,15,15,−6,,15,15,75m,75,45,45,28,28,,,,兵員を輸送するための装甲車両。履帯式と装輪式の両方が存在するが、日本で使われているものの多くは道路事情もあって装輪式。UGNのものは警備会社のものに擬装していることが多い。,,,,,,IA,IA-歩兵戦闘車,,,,,,,,28
NC-ターボスター,NC,ユニークアイテム,ターボスター,ターホスター,ヴィークル,〈運転:二輪〉,8,8,0,0,1,1,250m,250,,,,,30,30,,UGNで試作された電動バイク。モーター駆動特有のすさまじい初速と、極めてピーキーなコーナリング性能を併せ持つ。,このヴィークルに搭乗状態の時、セットアッププロセスに使用する。そのラウンドの間、あなたの【行動値】を+10する。この効果は1シナリオに1回まで使用できる。,,,,,IA,IA-ターボスター,,,,,,,,30
NC-対オーヴァード装甲車,NC,ユニークアイテム,対オーヴァード装甲車,タイオーウァートソウコウシャ,ヴィークル,〈運転:四輪〉,8,8,−6,,8,8,200m,200,,,,,15,15,,UGN、米軍、ストレンジャーズ、特調などで広く用いられている六輪装甲車。レネゲイドの侵蝕を防ぐ特殊素材で装甲されている。“魔街”と呼ばれる場所で試験運用されていたともされるが、定かではない。,搭乗している間、エフェクトを使用した攻撃から受けるダメージを10点軽減する。,,,,,IA,IA-対オーヴァード装甲車,,,,,,,,15
IA-自転車,IA,ジェネラルアイテム,自転車,シテンシャ,ヴィークル,〈運転:二輪〉,2,2,−1,,—,0,[【肉体】+40]m,,5,5,1,1,,,,ママチャリからMTBまで。愛用者は全国にいる。,搭載火器を装備不可。,,,,,,基本1-自転車,,,,,,,,1
IA-スクーター・小型バイク,IA,ジェネラルアイテム,スクーター・小型バイク,スクーター・コカタハイク,ヴィークル,〈運転:二輪〉,2,2,−2,,—,0,100m,100,5,5,2,2,,,,50ccクラスのスクーターや125cc程度の小型バイクなど。高校生にも広く普及している日常の足である。,搭載火器を装備不可。,,,,,,NC-スクーター・小型バイク,,,,,,,,2
IA-水上バイク,IA,ジェネラルアイテム,水上バイク,スイショウハイク,ヴィークル,〈運転:船舶〉,6,6,−1,,—,0,200m,200,10,10,4,4,,,,水上で使用できる小型艇。ウォータージェット推進による高速航行性能で、軽快な水上走行が可能。,水上でのみ使用できる。搭載火器を装備不可。,,,,,,IC-水上バイク,,,,,,,,4
IA-乗用馬,IA,ジェネラルアイテム,乗用馬,ショウヨウハ,ヴィークル,〈運転:馬〉,3,3,−2,,—,0,100m,100,12,12,5,5,,,,軍馬や競走馬などの人を乗せるために訓練された馬。生き物であり、上手に扱うには乗り手にも技量が要求される。,搭載火器を装備不可。,,,,,,IC-乗用馬,,,,,,,,5
IA-バイク,IA,ジェネラルアイテム,バイク,ハイク,ヴィークル,〈運転:二輪〉,5,5,−3,,—,0,200m,200,12,12,5,5,,,,125~400cc、いわゆる中型バイクに区分される。,搭載火器を装備不可。,,,,,,基本1-バイク,,,,,,,,5
IA-パーソナルモビリティ,IA,ジェネラルアイテム,パーソナルモビリティ,ハーソナルモヒリティ,ヴィークル,〈運転:二輪〉,0,0,0,0,—,0,50m,50,10,10,5,5,,,,低エネルギーを志向する、未来の乗り物として開発された個人用移動機器。小回りがきくため、建物内部などでも使用できる。,このヴィークルは同乗状態になることができない。搭載火器を装備不可。,,,,,,IC-パーソナルモビリティ,,,,,,,,5
IA-乗用車,IA,ジェネラルアイテム,乗用車,ショウヨウシャ,ヴィークル,〈運転:四輪〉,10,10,−4,,6,6,100m,100,22,22,8,8,,,,典型的な乗用車。ナンバーでも覚えない限り、特定は難しい。,搭載火器を装備不可。,,,,,,基本1-乗用車,,,,,,IA-†イリーガルモービル,,8
IA-モーターボート,IA,ジェネラルアイテム,モーターボート,モーターホート,ヴィークル,〈運転:船舶〉,7,7,−1,,—,0,100m,100,22,22,8,8,,,,エンジンが搭載されたボート。,このヴィークルは水上でのみ使用できる。搭載火器を装備不可。,,,,,,基本1-モーターボート,,,,,,IA-†イリーガルモービル,,8
IA-大型バイク,IA,ジェネラルアイテム,大型バイク,オオカタハイク,ヴィークル,〈運転:二輪〉,12,12,−5,,—,0,250m,250,25,25,15,15,,,,400ccを超えるバイク。燃費が悪い。,,,,,,,基本2-大型バイク,,,,,,,,15
IA-スポーツカー,IA,ジェネラルアイテム,スポーツカー,スホーツカー,ヴィークル,〈運転:四輪〉,10,10,−5,,4,4,300m,300,30,30,15,15,,,,通常よりもスピードや高速走行時の運動性能を重視して製造された自動車。,,,,,,,IC-スポーツカー,,,,,,,,15
IA-移動販売車,IA,ジェネラルアイテム,移動販売車,イトウハンハイシャ,ヴィークル,〈運転:四輪〉,6,6,−6,,5,5,70m,70,40,40,20,20,,,,トラックやワゴン車などを改造し、移動する店舗とした車両。,あなたが行なう〈調達〉〈情報:~~〉判定の達成値に+1する。この効果はあなたが搭乗状態にならなくても、この修正は適用する。搭載火器を装備不可。,,,,,,,,,,,,,,20
IA-貨物自動車,IA,ジェネラルアイテム,貨物自動車,カモツシトウシャ,ヴィークル,〈運転:四輪〉,12,12,−6,,6,6,100m,100,30,30,20,20,,,,いわゆるトラック。中型、大型になると専用の免許が必要。,,,,,,,基本2-貨物自動車,,,,,,,,20
IA-ヘリ,IA,ジェネラルアイテム,ヘリ,ヘリ,ヴィークル,〈運転:航空機〉,5,5,−3,,—,0,100m,100,35,35,20,20,,,,民間用のヘリコプター。,あなたと同乗者は飛行状態となる。,,,,,,基本1-ヘリ,,,,,,IA-†イリーガルモービル,,20
IA-SUV,IA,ジェネラルアイテム,SUV,SUV,ヴィークル,〈運転:四輪〉,15,15,−5,,7,7,80m,80,36,36,24,24,,,,悪路踏破性が高い四輪駆動車。舗装されていない道でも、どんどん入っていける。,,,,,,,基本1-SUV,,,,,,,,24
IA-軍用4WD,IA,ジェネラルアイテム,軍用4WD,クンヨウWD,ヴィークル,〈運転:四輪〉,10,10,−6,,10,10,150m,150,38,38,25,25,,,,ハンヴィーのような四輪駆動軍用汎用軽車両。不整地での輸送に用いられるほか、車載兵器を搭載して簡易装甲車として用いられることもある。,レアアイテム。,,,,,,IC-軍用4WD,,,,,,,,25
IA-軽飛行機,IA,ジェネラルアイテム,軽飛行機,ケイヒコウキ,ヴィークル,〈運転:航空機〉,5,5,−3,,—,0,300m,300,40,40,25,25,,,,個人所有が可能な小型飛行機。,あなたと同乗者は飛行状態となる。レアアイテム。,,,,,,IC-軽飛行機,,,,,,,,25
IA-高級車,IA,ジェネラルアイテム,高級車,コウキュウシャ,ヴィークル,〈運転:四輪〉,10,10,−4,,8,8,150m,150,35,35,25,25,,,,リムジンのような高級車両。,レアアイテム。,,,,,,基本2-高級車,,,,,,,,25
IA-歩兵戦闘車,IA,ジェネラルアイテム,歩兵戦闘車,ホヘイセントウシャ,ヴィークル,〈運転:四輪〉,10,10,−6,,12,12,75m,75,45,45,28,28,,,,兵員を輸送するための装甲車両。履帯式と装輪式の両方が存在するが、日本で使われているものの多くは道路事情もあって装輪式。UGNのものは警備会社のものに擬装していることが多い。,レアアイテム。,,,,,,NC-歩兵戦闘車,,,,,,,,28
IA-潜水艇,IA,ジェネラルアイテム,潜水艇,センスイテイ,ヴィークル,〈運転:船舶〉,5,5,−10,,10,10,80m,80,50,50,33,33,,,,水中活動が可能な民間用の潜水艇。,水中でのみ使用できる。あなたと同乗者は水中でのペナルティを受けない。レアアイテム。,,,,,,IC-潜水艇,,,,,,,,33
IA-宇宙船,IA,ジェネラルアイテム,宇宙船,ウチュウセン,ヴィークル,〈運転:宇宙船〉,10,10,−8,,15,15,400m,400,67,67,42,42,,,,大気圏突入能力を備えた小型の宇宙船。,宇宙空間でのみ使用できる。あなたと同乗者は宇宙空間でのペナルティを受けない。レアアイテム。,,,,,,IC-宇宙船,,,,,,,,42
IA-スカットラー,IA,ユニークアイテム,スカットラー,スカットラー,ヴィークル,〈運転:四輪〉,6,6,0,0,4,4,100m,100,,,,,15,15,,軽快な乗り心地のコンバーチブルカー。裏道などで非常に小回りがきく。,あなたが行なう〈運転:四輪〉判定のダイスに+3個する。ただし、攻撃の判定には適用されない。,,,,,,,,,,,,,,15
IA-対オーヴァード装甲車,IA,ユニークアイテム,対オーヴァード装甲車,タイオーウァートソウコウシャ,ヴィークル,〈運転:四輪〉,8,8,−6,,8,8,200m,200,,,,,15,15,,UGN、米軍、ストレンジャーズ、特調などで広く用いられている六輪装甲車。レネゲイドの侵蝕を防ぐ特殊素材で装甲されている。“魔街”と呼ばれる場所で試験運用されていたともされるが、定かではない。,あなたがエフェクトを使用した攻撃から受けるダメージに−10する。,,,,,,NC-対オーヴァード装甲車,,,,,,,,15
IA-ターボスター,IA,ユニークアイテム,ターボスター,ターホスター,ヴィークル,〈運転:二輪〉,8,8,0,0,1,1,250m,250,,,,,30,30,,UGNで試作された電動バイク。モーター駆動特有のすさまじい初速と、極めてピーキーなコーナリング性能を併せ持つ。,セットアッププロセスで使用する。そのラウンドの間、あなたの【行動値】に+10する。この効果は1シナリオに1回まで使用できる。,,,,,,NC-ターボスター,,,,,,,,30
IA-パワードホイール,IA,ユニークアイテム,パワードホイール,ハワートホイール,ヴィークル,〈運転:二輪〉,12,12,−5,,7,7,150m,150,,,,,35,35,,体当たり用のスパイクや強化装甲のカウルがマウントされた近接戦闘用力スタムバイク。,このヴィークルを使用した攻撃の判定のダイスに+2個する。,,,,,,,,,,,,,,35
IA-エキゾチックカー,IA,ユニークアイテム,エキゾチックカー,エキソチックカー,ヴィークル,〈運転:四輪〉,13,13,−3,,6,6,200m,200,,,,,40,40,,見る者をゾクゾクとさせる美しいフォルムと、他を寄せつけない圧倒的なエンジン出力を誇る“走る芸術品”。各社からさまざまな種類のエキゾチックカーが発表されている。代表はスーパーカー。,,,,,,,上級-エキゾチックカー,,,,,,,,40
IA-戦闘ヘリ,IA,ユニークアイテム,戦闘ヘリ,セントウヘリ,ヴィークル,〈運転:航空機〉,5,5,−3,,18,18,200m,200,,,,,50,50,,機関砲を搭載した軍用ヘリ。各国の軍隊や傭兵組織で使用されている。,このヴィークルの搭乗時に、あなたは自動的に“チェーンガン”を装備する。これはあなたが所持していなくてもよい。また、あなたと同乗者は飛行状態となる。,,,,,,上級-戦闘ヘリ,,IA-チェーンガン,,,,,,50
IA-ファントムダンサー,IA,ユニークアイテム,ファントムダンサー,ファントムタンサー,ヴィークル,〈運転:四輪〉,12,12,−1,,8,8,300m,300,,,,,50,50,,戦闘用のギミックを内蔵したハイテクスーパーカー。内蔵ジェットによって曲芸のような立体走行が可能。,あなたが行なう攻撃の判定かドッジの判定のダイス目ひとつに+2する(最大10)。この効果は判定を行なっている最中にも使用でき、1回の判定に1回まで使用できる。この効果は1シナリオに1回まで使用できる。,,,,,,,,,,,,,,50
IA-ロードビースト,IA,ユニークアイテム,ロードビースト,ロートヒースト,ヴィークル,〈運転:二輪〉,15,15,−2,,2,2,200m,200,,,,,60,60,,「野獣」の名を冠したEXレネゲイドのバイク。その荒々しい乗り心地は普通の人間には制御不能といわれている。,あなたが行なう攻撃のダメージに+3Dする。ただし、この効果を受けるたび、あなたはHPを1D点失う。,,,,,,,,,,,,,,60
IA-リニアヴィークル,IA,ユニークアイテム:ブラックドッグ,リニアヴィークル,リニアウィークル,ヴィークル,〈RC〉〈運転:四輪〉,10,10,−2,,3,3,250m,250,,,,,15,15,,ブラックドッグの能力で発生した電力で稼動するリニアモーターが組み込まれた乗り物。搭乗者の思考を電子信号に変換して操縦できる。,あなたが行なう戦闘移動に+5mする。,,,109,,,IC-リニアヴィークル,,,,,,,,15
IA-絆の愛馬,IA,ユニークアイテム:オルクス,絆の愛馬,キスナノアイハ,ヴィークル,〈運転:馬〉,4,4,−1,,—,0,100m,100,,,,,20,20,,EXレネゲイドに感染し、オルクスシンドロームの持ち主との感応性を極限まで高めたオーヴァードホース。,あなたが行なうオルクスのエフェクトを組み合わせた判定のダイスに+2個する。,,,,,,上級-絆の愛馬,,,,,,,,20
IA-モーフィングバイク,IA,エフェクトアイテム:ヴィークルモーフィング専用アイテム,モーフィングバイク,モーフィンクハイク,ヴィークル,〈運転:二輪〉,8,8,0,0,—,0,250m,250,購入不可,,不可,,,,,《ヴィークルモーフィング》で作り出した二輪車。細かい外見は作成者の思いのままである。,,,,,,,基本2-モーフィングバイク EA-モーフィングバイク,EA-ヴィークルモーフィング,,,,,,,999
IA-モーフィングカー,IA,エフェクトアイテム:ヴィークルモーフィング専用アイテム,モーフィングカー,モーフィンクカー,ヴィークル,〈運転:四輪〉,10,10,−2,,8,8,100m,100,購入不可,,不可,,,,,《ヴィークルモーフィング》で作り出した乗用車。細かい外見は作成者の思いのままである。,,,,,,,基本2-モーフィングカー EA-モーフィングカー,EA-ヴィークルモーフィング,,,,,,,999
IA-モーフィングヘリ,IA,エフェクトアイテム:ヴィークルモーフィング専用アイテム,モーフィングヘリ,モーフィンクヘリ,ヴィークル,〈運転:航空機〉,7,7,0,0,—,0,100m,100,購入不可,,不可,,,,,《ヴィークルモーフィング》で作り出したヘリコプター。細かい外見は作成者の思いのままである。,あなたと同乗者は飛行状態となる。,,,,,,基本2-モーフィングヘリ EA-モーフィングヘリ,EA-ヴィークルモーフィング,,,,,,,999
IA-モーフィングボート,IA,エフェクトアイテム:ヴィークルモーフィング専用アイテム,モーフィングボート,モーフィンクホート,ヴィークル,〈運転:船舶〉,9,9,0,0,—,0,150m,150,購入不可,,不可,,,,,《ヴィークルモーフィング》で作り出したモーターボート。細かい外見は作成者の思いのままである。,水上でのみ使用できる。,,,,,,基本2-モーフィングボート EA-モーフィングボート,EA-ヴィークルモーフィング,,,,,,,999
IA-モーフィングバイクII,IA,エフェクトアイテム:ヴィークルモーフィング専用アイテム,モーフィングバイクII,モーフィングバイクII,ヴィークル,〈運転:二輪〉,11,11,0,0,—,0,300m,300,購入不可,,不可,,,,,《ヴィークルモーフィング》で作り出した、高性能の二輪車。細かい外見は作成者の思いのままである。,あなたの《ヴィークルモーフィング》が3レベル以上の時のみ作成できる。,,,,,,基本2-モーフィングバイクII EA-モーフィングバイクII,EA-ヴィークルモーフィング,,,,,,,999
IA-モーフィングカーII,IA,エフェクトアイテム:ヴィークルモーフィング専用アイテム,モーフィングカーII,モーフィングカーII,ヴィークル,〈運転:四輪〉,12,12,−2,,12,12,150m,150,購入不可,,不可,,,,,《ヴィークルモーフィング》で作り出した高性能の乗用車。細かい外見は作成者の思いのままである。,あなたの《ヴィークルモーフィング》が3レベル以上の時のみ作成できる。,,,,,,基本2-モーフィングカーII EA-モーフィングカーII,EA-ヴィークルモーフィング,,,,,,,999
IA-モーフィングヘリII,IA,エフェクトアイテム:ヴィークルモーフィング専用アイテム,モーフィングヘリII,モーフィングヘリII,ヴィークル,〈運転:航空機〉,9,9,0,0,—,0,150m,150,購入不可,,不可,,,,,《ヴィークルモーフィング》で作り出した高性能のヘリコプター。細かい外見は作成者の思いのままである。,《ヴィークルモーフィング》が3レベル以上の時のみ作成できる。あなたと同乗者は飛行状態となる。,,,,,,EA-モーフィングヘリII,EA-ヴィークルモーフィング,,,,,,,999
IA-モーフィングロボ,IA,エフェクトアイテム:ヴィークルモーフィング専用アイテム,モーフィングロボ,モーフィンクロホ,ヴィークル,解説参照,15,15,−3,,18,18,50m,50,購入不可,,不可,,,,,《ヴィークルモーフィング》で作り出したロボット。二足、キャタピラなど細かい外見は作成者の思いのままである。,《ヴィークルモーフィング》が5レベル以上の時のみ作成できる。このヴィークルの「技能:〈運転〉」の分野についてはあなたが作成時に決定すること。,,,,,,基本2-モーフィングロボ EA-モーフィングロボ,EA-ヴィークルモーフィング,,,,,,,999
IA-ストライクモービル,IA,秘密兵器専用アイテム,ストライクモービル,ストライクモーヒル,ヴィークル,〈運転:~~〉,10,10,−1,,13,13,350m,350,,,,,20,20,,戦闘用に適したヴィークルマシン。,〈運転:~~〉のカテゴリーは取得時に決定すること。あなたが行なう攻撃の判定のダイスに+4個する。,,,,,,RW-ストライクモービル,,,,,,,LM-秘密兵器,20
IA-フォールンヴィークル,IA,秘密兵器専用アイテム,フォールンヴィークル,フォールンウィークル,ヴィークル,〈運転:~~〉,13,13,−3,,13,13,300m,300,,,,,20,20,,EXレネゲイドに感染したヴィークル。,取得時にこのヴィークルの技能判定の〈運転:~~〉の分野を決定する。あなたが行なう判定のダイスに+1個する。,,,,,,上級-フォールンヴィークル LM-フォールンヴィークル,,,,,,,LM-秘密兵器,20
IA-フォールンマシン,IA,秘密兵器専用アイテム,フォールンマシン,フォールンマシン,ヴィークル,〈運転:多脚戦車〉,17,17,−3,,15,15,150m,150,,,,,20,20,,全長3メートル程度の人型ロボ。EXレネゲイドによって完成したオンリーワンな機体。,あなたは“両手持ち”とある武器を最大4個まで装備できる。,,,,,,HR-フォールンマシン,,,,,,,LM-秘密兵器,20
IA-バトルトレーラー,IA,秘密兵器専用アイテム,バトルトレーラー,ハトルトレーラー,ヴィークル,〈運転:四輪〉〈運転:多脚戦車〉,12/20,20,−4,,14/20,20,100m,100,,,,,100,100,,普段は巨大なヴィークルだが、命令とともに変形して人型ロボになるEXレネゲイド。,マイナーアクションで使用する。そのシーンの間、攻撃力、装甲値は/の右側となる。また、その間、このヴィークルの体当たりによる攻撃の判定を〈白兵〉で使用できる。このアイテムは経験点の消費のみで取得できる。,,,,,,RW-バトルトレーラー,,,,,,,LM-秘密兵器,100
IA-チャリオットバラー,IA,遺産継承者専用アイテム,チャリオットバラー,チャリオットハラー,ヴィークル,〈運転:馬〉,13,13,−1,,6,6,200m,200,購入不可,,不可,,,,,勇将を乗せて山野を越えた騎乗動物。あなたの招きに応じ現われる。,あなたは《戦術》を1レベルで取得する。このエフェクトは取得に経験点は必要なく、経験点を使用して成長できる。,契約者は代償として速さを追求するようになる。侵蝕率基本値に+3する。,,,,,LM-チャリオットバラー,EA-戦術,,,,,,LM-遺産継承者 HR-遺産の器,999
IA-スカイキッド,IA,FHアイテム,スカイキッド,スカイキット,ヴィークル,〈知識:機械操作〉,0,0,0,0,0,0,解説参照,,購入不可,,5,5,,,,FHが開発した、個人用のジェット噴出器。精密に運用するには専門知識が必要となる。,あなたは飛行状態となり、このヴィークルの全力移動はあなたの全力移動と同じとなる。さらに、あなたが行なう戦闘移動に+5mする。ただし、このヴィークルに同乗状態になれない。搭載火器は装備不可。,,,,,,PE-スカイキッド,,,,,,,,5
IA-FHブレードバイク,IA,FHアイテム,FHブレードバイク,FHフレートハイク,ヴィークル,〈運転:二輪〉,12,12,−1,,—,0,200m,200,購入不可,,8,8,,,,FHが開発した、車体の細さが特徴的なバイク。扱いやすさを重視している。,あなたが行なう戦闘移動に+10mする。,,,,,,PE-FHブレードバイク,,,,,,,,8
IA-FHライトバン,IA,FHアイテム,FHライトバン,FHライトハン,ヴィークル,〈運転:四輪〉,8,8,−5,,10,10,120m,120,購入不可,,10,10,,,,FHが開発した貨物自動車。銃撃戦に巻き込まれても耐えられるだけの防御力を重視している。,,,,,,,PE-FHライトバン,,,,,,,,10
IA-オルトロス,IA,FHアイテム,オルトロス,オルトロス,ヴィークル,〈運転:多脚戦車〉,20,20,−5,,15,15,120m,120,購入不可,,40,40,,,,強化されたオーヴァード用に開発された試作多脚戦車。,あなたが行なう〈RC〉による攻撃の判定の達成値に+10する。このヴィークルは“精神強化手術”を3つ取得しているキャラクターのみ使用できる。,,,,,,HR-オルトロス,,,,,,HR-精神強化手術,,40
IA-スチールギガント,IA,FHアイテム,スチールギガント,スチールキカント,ヴィークル,〈運転:多脚戦車〉,20,20,−10,,20,20,120m,120,購入不可,,50,50,,,,FHが開発した、全長20メートルを超える多脚戦車。,あなたはこのヴィークルと、搭載火器のみ武器として使用できる。レアアイテム。,,,,,,PE-スチールギガント,,,,,,,,50
IA-コマンドモービル,IA,エンブレムアイテム:UGN支部長,コマンドモービル,コマントモーヒル,エンブレム/ヴィークル,〈運転:四輪〉,12,12,−3,,15,15,180m,180,,,,,30,30,,選ばれた支部長にのみ、乗ることが許される特殊装甲車両。,セットアッププロセスで使用する。あなたはこのアイテムを呼び、搭乗状態となる。また、あなた以外が判定を行なう直前に使用する。その判定のダイスに+3個する。この効果は1シナリオに3回まで使用できる。,,,,,,UG-コマンドモービル,,,,,,,,30
IA-UGNジェットバイク,IA,エンブレムアイテム:UGN共通,UGNジェットバイク,UGNシェットハイク,エンブレム/ヴィークル,〈運転:二輪〉,8,8,−2,,4,4,200m,200,,,,,20,20,,UGNが開発したジェットブースター内蔵バイク。ブースター噴出口を操作することで短時間の飛行も可能。,戦闘移動の直前に使用する。その移動の間、あなたは飛行状態となる。この効果は1シーンに1回まで使用できる。,,,,,,,,,,,,,,20
IA-テクニカル,IA,エンブレムアイテム:鴻央会,テクニカル,テクニカル,エンブレム/ヴィークル,〈運転:四輪〉,6,6,−5,,6,6,100m,100,,,,,15,15,,組同士の抗争で使用する、武装を施したピックアップトラック。,あなたの戦闘移動に+20mする。また、搭乗時にあなたに“グレネードランチャー”ひとつを装備してもよい。,,,,,,UG-テクニカル,,,,,,,,15
IA-ジャガンナートタンク,IA,エンブレムアイテム:ステイト・オブ・グレイス,ジャガンナートタンク,シャカンナートタンク,エンブレム/ヴィークル,〈RC〉,15,15,−10,,25,25,40m,40,,,,,50,50,,闇ルートで調達した戦車をオーヴァード用に改造した特殊車両。オーヴァードの意思によってコントロールすることができる。,このヴィークルを使用する判定には「技能:〈運転:~~〉」のエフェクトを組み合わせることができる。また、このヴィークルによって【行動値】が0未満になった場合、【行動値】1となる。,,,,,,,,,,,,,,50
IA-重装甲トラック,IA,エンブレムアイテム:ストレンジャーズ,重装甲トラック,シュウソウコウトラック,エンブレム/ヴィークル,〈運転:四輪〉,4,4,−6,,12,12,100m,100,,,,,15,15,,ストレンジャーズが一般市街地での作戦行動で使用するトラック。外見は市販の業務用トラックだが、内部は兵員輸送車となっており、兵士一個分隊(8人)を搭乗させられる。,,,,,,,UG-重装甲トラック,,,,,,,,15
IA-特S式装甲車両,IA,エンブレムアイテム:ストレンジャーズ,特S式装甲車両,トクSシキソウコウシャリョウ,エンブレム/ヴィークル,〈運転:四輪〉,9,9,−2,,10,10,100m,100,,,,,25,25,,ストレンジャーズに配備されている装輪式の装甲車。さまざまな兵装を銃座に据え付け運用可能。,あなたが装備している「種別:射撃」の武器すべてを「命中:0」に変更する。,,,,,,,,,,,,,,25
IA-幽霊タクシー,IA,エンブレムアイテム:ゼノス,幽霊タクシー,ユウレイタクシー,エンブレム/ヴィークル,〈交渉〉,5,5,−5,,5,5,100m,100,,,,,15,15,,都市伝説を起源とするレネゲイドビーイングのタクシー。運転手はいないが、行き先を伝えれば自動で走る。,あなたは《ハンティングスタイル》を1レベルで取得しているものとして扱う。この《ハンティングスタイル》は侵蝕率によるレベルアップの影響を受けない。,,,,,,UG-幽霊タクシー,EA-ハンティングスタイル,,,,,,,15
IA-翼持つ友,IA,エンブレムアイテム:ゼノス,翼持つ友,ツハサモツトモ,エンブレム/ヴィークル,〈運転:騎乗動物〉,5,5,−2,,0,0,30m,30,,,,,20,20,,ゼノスに協力する飛行能力を持つEXオーヴァードの騎乗動物。いつでも呼び出すことができ、あなたに従う。,あなたと同乗者は飛行状態となる。,,,,,,,,,,,,,,20
IA-スカードエンジェル,IA,エンブレムアイテム:フリーランス,スカードエンジェル,スカートエンシェル,エンブレム/ヴィークル,〈運転:二輪〉,8,8,4,4,4,4,250m,250,,,,,15,15,,不良やギャング、裏社会の人間の間で伝説として語られるカスタムバイク。,あなたが行なう攻撃の攻撃力に+4する。このヴィークルは〈運転:二輪〉4レベル以上でないと搭乗できない。,,,,,,,,,,,,,,15
UA-アーキタイプ:車両,UA,エフェクトアイテム:神殺す刃専用アイテム,アーキタイプ:車両,アーキタイフシャリョウ,ヴィークル/アーキタイプ,解説参照,13,13,0,0,12,12,250m,250,購入不可,,不可,,,,,《神殺す刃》によって生み出されたバイクや自動車のデータ。,作成時に〈運転:二輪〉か〈運転:四輪〉を選択する。また、このヴィークルの攻撃力と装甲値に+[LV]する。,,,,,,,UA-神殺す刃,,,,,,,999
UA-アーキタイプ:装甲兵器,UA,エフェクトアイテム:神殺す刃専用アイテム,アーキタイプ:装甲兵器,アーキタイフソウコウヘイキ,ヴィークル/アーキタイプ,解説参照,15,15,−3,,20,20,50m,50,購入不可,,不可,,,,,《神殺す刃》によって生み出された乗り込み式の巨大兵器。圧倒的な装甲で敵を蹂躙する神殺しの武器のアーキタイプ。,取得時にこのヴィークルの技能判定の〈運転:~~〉の分野を決定する。また、LV個までの搭載火器を装備できる。,,,,,,,UA-神殺す刃,,,,,,,999
